workload,workload_type,workload_size,description,algorithm,frames,ms/op,ms/op_error,gc.alloc.rate.norm (B/op),gc.alloc.rate.norm_error (B/op)
locality_lg_huge_ws10,locality,lg,"Alta localidade (85% hot) | Grande, universo enorme (100k refs, 2000 pags, WS=10%)",Clock,2,3.187187828708464,0.1014289446545151,5371286.08946407,0.8094437770146881
locality_lg_huge_ws10,locality,lg,"Alta localidade (85% hot) | Grande, universo enorme (100k refs, 2000 pags, WS=10%)",Clock,4,4.358077839741577,0.030696024543319232,5343702.136341373,0.28913472757705155
locality_lg_huge_ws10,locality,lg,"Alta localidade (85% hot) | Grande, universo enorme (100k refs, 2000 pags, WS=10%)",Clock,8,5.176838280903299,0.24017694682692944,5289295.756302747,30.334032286061138
locality_lg_huge_ws10,locality,lg,"Alta localidade (85% hot) | Grande, universo enorme (100k refs, 2000 pags, WS=10%)",Clock,16,5.384407283614683,0.062289733221972725,5185301.246207444,0.38792989560314006
locality_lg_huge_ws10,locality,lg,"Alta localidade (85% hot) | Grande, universo enorme (100k refs, 2000 pags, WS=10%)",Clock,32,5.2082236901209775,0.41153954332310405,4974007.929041374,29.08932666739003
locality_lg_huge_ws10,locality,lg,"Alta localidade (85% hot) | Grande, universo enorme (100k refs, 2000 pags, WS=10%)",Clock,64,4.965674690751644,0.07146743035048687,4558530.317949003,0.6448533742603484
locality_lg_huge_ws10,locality,lg,"Alta localidade (85% hot) | Grande, universo enorme (100k refs, 2000 pags, WS=10%)",Clock,128,4.031550022339983,0.07982729098276486,3793675.8466034867,0.5369120642584726
locality_lg_huge_ws10,locality,lg,"Alta localidade (85% hot) | Grande, universo enorme (100k refs, 2000 pags, WS=10%)",FIFO,2,0.367988526981018,0.00047090130486850286,26.52805181860784,0.00956335253322478
locality_lg_huge_ws10,locality,lg,"Alta localidade (85% hot) | Grande, universo enorme (100k refs, 2000 pags, WS=10%)",FIFO,4,0.37295033940406724,0.005214364741075825,34.55741489498803,0.037864074375016724
locality_lg_huge_ws10,locality,lg,"Alta localidade (85% hot) | Grande, universo enorme (100k refs, 2000 pags, WS=10%)",FIFO,8,0.43749498793393676,0.008027009758143619,51.00241914232753,0.05725603459533519
locality_lg_huge_ws10,locality,lg,"Alta localidade (85% hot) | Grande, universo enorme (100k refs, 2000 pags, WS=10%)",FIFO,16,0.670385905543217,0.0060701000298343175,84.60022736823608,0.047936220960238814
locality_lg_huge_ws10,locality,lg,"Alta localidade (85% hot) | Grande, universo enorme (100k refs, 2000 pags, WS=10%)",FIFO,32,1.1052589221496603,0.010862512818961705,151.5957258964528,0.09152917655557158
locality_lg_huge_ws10,locality,lg,"Alta localidade (85% hot) | Grande, universo enorme (100k refs, 2000 pags, WS=10%)",FIFO,64,1.932245214700071,0.0238314725912672,285.27174549001177,0.14336332692088713
locality_lg_huge_ws10,locality,lg,"Alta localidade (85% hot) | Grande, universo enorme (100k refs, 2000 pags, WS=10%)",FIFO,128,3.284278203984963,0.5285883517277611,550.5484084640533,3.585069460332877
locality_lg_huge_ws10,locality,lg,"Alta localidade (85% hot) | Grande, universo enorme (100k refs, 2000 pags, WS=10%)",LFU,2,9.199042570720058,0.14702684938116342,13152407.362883016,1.1438255177349042
locality_lg_huge_ws10,locality,lg,"Alta localidade (85% hot) | Grande, universo enorme (100k refs, 2000 pags, WS=10%)",LFU,4,10.957646963679624,0.12641196272906619,13108339.449458256,0.8131232410785263
locality_lg_huge_ws10,locality,lg,"Alta localidade (85% hot) | Grande, universo enorme (100k refs, 2000 pags, WS=10%)",LFU,8,14.960428229455662,0.09038075320554304,13025774.851624232,1.146739095694379
locality_lg_huge_ws10,locality,lg,"Alta localidade (85% hot) | Grande, universo enorme (100k refs, 2000 pags, WS=10%)",LFU,16,23.96144444186047,0.24022754340467697,15807732.339313399,2.9377135977563675
locality_lg_huge_ws10,locality,lg,"Alta localidade (85% hot) | Grande, universo enorme (100k refs, 2000 pags, WS=10%)",LFU,32,37.28867784113757,0.41711835464612435,27546382.289947093,5.948891744602363
locality_lg_huge_ws10,locality,lg,"Alta localidade (85% hot) | Grande, universo enorme (100k refs, 2000 pags, WS=10%)",LFU,64,57.63613225,0.5463779879966666,37179200.71111111,1.3879462316414772
locality_lg_huge_ws10,locality,lg,"Alta localidade (85% hot) | Grande, universo enorme (100k refs, 2000 pags, WS=10%)",LFU,128,65.0557402625,0.7310458906421496,43301088.4,1.274910022914989
locality_lg_huge_ws10,locality,lg,"Alta localidade (85% hot) | Grande, universo enorme (100k refs, 2000 pags, WS=10%)",LRU,2,3.891605513672141,0.12292943515946936,5470830.953824459,18.19446619771377
locality_lg_huge_ws10,locality,lg,"Alta localidade (85% hot) | Grande, universo enorme (100k refs, 2000 pags, WS=10%)",LRU,4,3.765233913793147,0.051553475934338094,5475006.0953371795,18.831517794061668
locality_lg_huge_ws10,locality,lg,"Alta localidade (85% hot) | Grande, universo enorme (100k refs, 2000 pags, WS=10%)",LRU,8,4.427804371034902,0.30205613315356894,5483902.60625031,2.1911870829936944
locality_lg_huge_ws10,locality,lg,"Alta localidade (85% hot) | Grande, universo enorme (100k refs, 2000 pags, WS=10%)",LRU,16,4.512771978501383,0.03541303357429865,5500263.165756415,0.26142695398130805
locality_lg_huge_ws10,locality,lg,"Alta localidade (85% hot) | Grande, universo enorme (100k refs, 2000 pags, WS=10%)",LRU,32,4.479255645624943,0.4179137950579229,5533186.97641837,16.336791452054523
locality_lg_huge_ws10,locality,lg,"Alta localidade (85% hot) | Grande, universo enorme (100k refs, 2000 pags, WS=10%)",LRU,64,4.272477830549729,0.1053920119821241,5600097.524927886,18.402914033386374
locality_lg_huge_ws10,locality,lg,"Alta localidade (85% hot) | Grande, universo enorme (100k refs, 2000 pags, WS=10%)",LRU,128,4.2972836779904995,0.14290472338682914,5722801.71055708,20.1419588535972
locality_lg_huge_ws10,locality,lg,"Alta localidade (85% hot) | Grande, universo enorme (100k refs, 2000 pags, WS=10%)",Otimo,2,5.06224820373813,0.05528446651842517,5367394.956407549,0.44756450507847106
locality_lg_huge_ws10,locality,lg,"Alta localidade (85% hot) | Grande, universo enorme (100k refs, 2000 pags, WS=10%)",Otimo,4,7.136509741519591,0.9277598399645722,6771305.315467375,2284173.371734649
locality_lg_huge_ws10,locality,lg,"Alta localidade (85% hot) | Grande, universo enorme (100k refs, 2000 pags, WS=10%)",Otimo,8,10.65857077705692,0.11107519083021754,11328233.470877193,0.802974517779398
locality_lg_huge_ws10,locality,lg,"Alta localidade (85% hot) | Grande, universo enorme (100k refs, 2000 pags, WS=10%)",Otimo,16,15.984292632877304,0.29291081548182174,26359326.30949821,1.9994210610133336
locality_lg_huge_ws10,locality,lg,"Alta localidade (85% hot) | Grande, universo enorme (100k refs, 2000 pags, WS=10%)",Otimo,32,26.045333979375847,0.6086056708772734,50609185.966747634,3.92010592012265
locality_lg_huge_ws10,locality,lg,"Alta localidade (85% hot) | Grande, universo enorme (100k refs, 2000 pags, WS=10%)",Otimo,64,52.105340731842105,0.570212010563183,94215908.54736844,9.134942694496292
locality_lg_huge_ws10,locality,lg,"Alta localidade (85% hot) | Grande, universo enorme (100k refs, 2000 pags, WS=10%)",Otimo,128,124.27796233964284,33.28482087982364,204687068.2057143,224.60026248754482
locality_lg_huge_ws10,locality,lg,"Alta localidade (85% hot) | Grande, universo enorme (100k refs, 2000 pags, WS=10%)",Random,2,4.479056041944863,0.026314121807001847,6095462.942778276,0.22719305552720237
locality_lg_huge_ws10,locality,lg,"Alta localidade (85% hot) | Grande, universo enorme (100k refs, 2000 pags, WS=10%)",Random,4,4.65243383108989,0.3900426616495784,6059648.116640166,66.3971520316856
locality_lg_huge_ws10,locality,lg,"Alta localidade (85% hot) | Grande, universo enorme (100k refs, 2000 pags, WS=10%)",Random,8,5.3160439936758275,0.44455535809541863,5991140.696325546,66.77119608346717
locality_lg_huge_ws10,locality,lg,"Alta localidade (85% hot) | Grande, universo enorme (100k refs, 2000 pags, WS=10%)",Random,16,5.165527862115583,0.3017425782850451,5848939.734468883,65.79705740746655
locality_lg_huge_ws10,locality,lg,"Alta localidade (85% hot) | Grande, universo enorme (100k refs, 2000 pags, WS=10%)",Random,32,5.272696460347486,0.15491395975470312,5574156.488312266,1.1467121270884273
locality_lg_huge_ws10,locality,lg,"Alta localidade (85% hot) | Grande, universo enorme (100k refs, 2000 pags, WS=10%)",Random,64,4.358550833183374,0.08352243196680247,5052662.223005479,0.5444500830745175
locality_lg_huge_ws10,locality,lg,"Alta localidade (85% hot) | Grande, universo enorme (100k refs, 2000 pags, WS=10%)",Random,128,3.6688651102443286,0.03722106577775693,4097433.453499281,0.30987700879348073
locality_lg_medium_hot70,locality,lg,"Localidade moderada (70% hot) | Grande (100k refs, 200 pags, WS=20%)",Clock,2,2.6141315657657556,0.022507156481264633,3768154.1384538887,0.20222566480725976
locality_lg_medium_hot70,locality,lg,"Localidade moderada (70% hot) | Grande (100k refs, 200 pags, WS=20%)",Clock,4,3.8271896851514446,0.0391198590435557,3687714.453832888,0.29228867232480754
locality_lg_medium_hot70,locality,lg,"Localidade moderada (70% hot) | Grande (100k refs, 200 pags, WS=20%)",Clock,8,4.8439946942791945,0.05490046782180906,3531161.470750372,0.4703662472796631
locality_lg_medium_hot70,locality,lg,"Localidade moderada (70% hot) | Grande (100k refs, 200 pags, WS=20%)",Clock,16,4.619213595132641,0.11729987407532252,3225791.9793821606,0.8493456080401831
locality_lg_medium_hot70,locality,lg,"Localidade moderada (70% hot) | Grande (100k refs, 200 pags, WS=20%)",Clock,32,3.736064077812965,0.0701010867558497,2670953.8948544743,0.532025507017979
locality_lg_medium_hot70,locality,lg,"Localidade moderada (70% hot) | Grande (100k refs, 200 pags, WS=20%)",Clock,64,2.9036320036265613,0.02421421794154412,1818484.1315476228,0.18111538856369122
locality_lg_medium_hot70,locality,lg,"Localidade moderada (70% hot) | Grande (100k refs, 200 pags, WS=20%)",Clock,128,1.7252682992678943,0.07159600717538181,979475.9546132765,0.48677417982687926
locality_lg_medium_hot70,locality,lg,"Localidade moderada (70% hot) | Grande (100k refs, 200 pags, WS=20%)",FIFO,2,0.3785711195384827,0.006139487430376949,26.602959196654478,0.0423468380619329
locality_lg_medium_hot70,locality,lg,"Localidade moderada (70% hot) | Grande (100k refs, 200 pags, WS=20%)",FIFO,4,0.3897968970222399,0.00425747713923336,34.67758911965244,0.030339560586883755
locality_lg_medium_hot70,locality,lg,"Localidade moderada (70% hot) | Grande (100k refs, 200 pags, WS=20%)",FIFO,8,0.48445394411468856,0.020641021026512215,51.327756860065925,0.1369238926442731
locality_lg_medium_hot70,locality,lg,"Localidade moderada (70% hot) | Grande (100k refs, 200 pags, WS=20%)",FIFO,16,0.7585101026572629,0.0008657487115697475,85.21407274566607,0.019271313933900032
locality_lg_medium_hot70,locality,lg,"Localidade moderada (70% hot) | Grande (100k refs, 200 pags, WS=20%)",FIFO,32,1.189045470622654,0.008287624666795668,152.1770301111375,0.08686252382545472
locality_lg_medium_hot70,locality,lg,"Localidade moderada (70% hot) | Grande (100k refs, 200 pags, WS=20%)",FIFO,64,1.8776748853705023,0.014578272847504493,284.9005690134019,0.12732692151402664
locality_lg_medium_hot70,locality,lg,"Localidade moderada (70% hot) | Grande (100k refs, 200 pags, WS=20%)",FIFO,128,2.6659139268407133,0.08635269978880744,546.293696550876,0.5713580401191621
locality_lg_medium_hot70,locality,lg,"Localidade moderada (70% hot) | Grande (100k refs, 200 pags, WS=20%)",LFU,2,7.810896008270783,0.10052967563837865,9929777.892078727,32.265344187932115
locality_lg_medium_hot70,locality,lg,"Localidade moderada (70% hot) | Grande (100k refs, 200 pags, WS=20%)",LFU,4,9.87348224166986,0.21206085047560727,9759148.03211007,1.4953991538756983
locality_lg_medium_hot70,locality,lg,"Localidade moderada (70% hot) | Grande (100k refs, 200 pags, WS=20%)",LFU,8,14.04999956741337,0.19383480226659505,9420200.76818243,1.5220182567763456
locality_lg_medium_hot70,locality,lg,"Localidade moderada (70% hot) | Grande (100k refs, 200 pags, WS=20%)",LFU,16,18.329675577275225,2.0678808325300753,8737322.106705524,45.64870925514918
locality_lg_medium_hot70,locality,lg,"Localidade moderada (70% hot) | Grande (100k refs, 200 pags, WS=20%)",LFU,32,21.03605662895408,0.2006613235013127,7387992.039455782,1.726134202792369
locality_lg_medium_hot70,locality,lg,"Localidade moderada (70% hot) | Grande (100k refs, 200 pags, WS=20%)",LFU,64,19.246224569013062,0.22580940242794253,10853931.411320757,2.053582141427324
locality_lg_medium_hot70,locality,lg,"Localidade moderada (70% hot) | Grande (100k refs, 200 pags, WS=20%)",LFU,128,25.015058564756096,0.3509507650200553,13703451.088780487,3.5461003704649725
locality_lg_medium_hot70,locality,lg,"Localidade moderada (70% hot) | Grande (100k refs, 200 pags, WS=20%)",LRU,2,3.0967071421158274,0.19332395620784193,4434337.480665618,33.148319875606354
locality_lg_medium_hot70,locality,lg,"Localidade moderada (70% hot) | Grande (100k refs, 200 pags, WS=20%)",LRU,4,3.467373460796928,0.023244873951000552,4435112.039217039,0.20863999902910682
locality_lg_medium_hot70,locality,lg,"Localidade moderada (70% hot) | Grande (100k refs, 200 pags, WS=20%)",LRU,8,4.3769841264802105,0.1946975277984463,4437014.209881918,1.3525881155624073
locality_lg_medium_hot70,locality,lg,"Localidade moderada (70% hot) | Grande (100k refs, 200 pags, WS=20%)",LRU,16,4.29488810865157,0.19469066513948652,4440913.722712709,20.463832050544717
locality_lg_medium_hot70,locality,lg,"Localidade moderada (70% hot) | Grande (100k refs, 200 pags, WS=20%)",LRU,32,3.816847175341298,0.027765565888385007,4449610.417463394,0.273434903398297
locality_lg_medium_hot70,locality,lg,"Localidade moderada (70% hot) | Grande (100k refs, 200 pags, WS=20%)",LRU,64,3.469255331417483,0.07268385314635731,4474719.987825779,0.5443554669740884
locality_lg_medium_hot70,locality,lg,"Localidade moderada (70% hot) | Grande (100k refs, 200 pags, WS=20%)",LRU,128,3.3391628141687306,0.047040477103095446,4989543.06590451,0.3135457735752222
locality_lg_medium_hot70,locality,lg,"Localidade moderada (70% hot) | Grande (100k refs, 200 pags, WS=20%)",Otimo,2,4.300221783172125,0.03915330485689818,3769837.763587092,0.37166759068170924
locality_lg_medium_hot70,locality,lg,"Localidade moderada (70% hot) | Grande (100k refs, 200 pags, WS=20%)",Otimo,4,5.035670303493238,0.03797080902742561,3720050.861823267,0.2986991477934809
locality_lg_medium_hot70,locality,lg,"Localidade moderada (70% hot) | Grande (100k refs, 200 pags, WS=20%)",Otimo,8,9.233675582072687,0.13088881648774214,7042063.505163746,0.8519593791990167
locality_lg_medium_hot70,locality,lg,"Localidade moderada (70% hot) | Grande (100k refs, 200 pags, WS=20%)",Otimo,16,13.531871073466657,0.32433836575977815,10811884.881414939,1.9843383299457342
locality_lg_medium_hot70,locality,lg,"Localidade moderada (70% hot) | Grande (100k refs, 200 pags, WS=20%)",Otimo,32,23.072854231684286,0.40961478903492393,19073709.694038056,3.4824932181812267
locality_lg_medium_hot70,locality,lg,"Localidade moderada (70% hot) | Grande (100k refs, 200 pags, WS=20%)",Otimo,64,43.527500100000005,1.1756518953466795,8627862.660869565,9.369060683736498
locality_lg_medium_hot70,locality,lg,"Localidade moderada (70% hot) | Grande (100k refs, 200 pags, WS=20%)",Otimo,128,71.57855708142857,2.6711295343131196,87571438.56761906,25.68948843342177
locality_lg_medium_hot70,locality,lg,"Localidade moderada (70% hot) | Grande (100k refs, 200 pags, WS=20%)",Random,2,3.9589804318259754,0.029319974319650242,3982707.42565476,0.3075533108391989
locality_lg_medium_hot70,locality,lg,"Localidade moderada (70% hot) | Grande (100k refs, 200 pags, WS=20%)",Random,4,4.071263648897791,0.32752773978410643,3905164.133189338,65.9972956307361
locality_lg_medium_hot70,locality,lg,"Localidade moderada (70% hot) | Grande (100k refs, 200 pags, WS=20%)",Random,8,4.384283975052446,0.03947150282630114,3736678.280975259,0.35639596020594905
locality_lg_medium_hot70,locality,lg,"Localidade moderada (70% hot) | Grande (100k refs, 200 pags, WS=20%)",Random,16,4.186453536533214,0.2806664381104429,3439988.981930879,65.71813901532113
locality_lg_medium_hot70,locality,lg,"Localidade moderada (70% hot) | Grande (100k refs, 200 pags, WS=20%)",Random,32,3.4363838404561315,0.04770781815004276,2903567.763465292,0.3850890304419628
locality_lg_medium_hot70,locality,lg,"Localidade moderada (70% hot) | Grande (100k refs, 200 pags, WS=20%)",Random,64,2.4796626987547943,0.022878292253652042,2094649.1491441638,0.1831048121026271
locality_lg_medium_hot70,locality,lg,"Localidade moderada (70% hot) | Grande (100k refs, 200 pags, WS=20%)",Random,128,1.3922920183918446,0.024400889114924235,1081465.651890942,0.1787241451168063
locality_lg_tight_hot90,locality,lg,"Alta localidade (90% hot) | Grande, universo restrito (100k refs, 50 pags, WS=20%)",Clock,2,2.4404032247086573,0.029725528352833663,2680808.936542374,0.1978818564473465
locality_lg_tight_hot90,locality,lg,"Alta localidade (90% hot) | Grande, universo restrito (100k refs, 50 pags, WS=20%)",Clock,4,2.611097087107955,0.02308458819550164,2185386.1061140844,0.11326086808689037
locality_lg_tight_hot90,locality,lg,"Alta localidade (90% hot) | Grande, universo restrito (100k refs, 50 pags, WS=20%)",Clock,8,2.6310157597370747,0.02479739478589522,1288666.2202396211,0.1861912071122324
locality_lg_tight_hot90,locality,lg,"Alta localidade (90% hot) | Grande, universo restrito (100k refs, 50 pags, WS=20%)",Clock,16,1.609063883010322,0.06224741481426332,353631.14568061,32.1048213689931
locality_lg_tight_hot90,locality,lg,"Alta localidade (90% hot) | Grande, universo restrito (100k refs, 50 pags, WS=20%)",Clock,32,1.4490492029248565,0.015577078380012295,143026.0262577208,0.13461199436375015
locality_lg_tight_hot90,locality,lg,"Alta localidade (90% hot) | Grande, universo restrito (100k refs, 50 pags, WS=20%)",Clock,64,0.9494102863024281,0.04553562234910734,3070.5146928390063,0.30366767908233067
locality_lg_tight_hot90,locality,lg,"Alta localidade (90% hot) | Grande, universo restrito (100k refs, 50 pags, WS=20%)",Clock,128,1.0048482777995318,0.08193366430346603,3370.895438940367,31.33600103414237
locality_lg_tight_hot90,locality,lg,"Alta localidade (90% hot) | Grande, universo restrito (100k refs, 50 pags, WS=20%)",FIFO,2,0.4652108020070365,0.008107701878635418,27.198468755827093,0.06055602748878329
locality_lg_tight_hot90,locality,lg,"Alta localidade (90% hot) | Grande, universo restrito (100k refs, 50 pags, WS=20%)",FIFO,4,0.5210938620556,0.0035518385457153855,35.57811755183128,0.02784561509370402
locality_lg_tight_hot90,locality,lg,"Alta localidade (90% hot) | Grande, universo restrito (100k refs, 50 pags, WS=20%)",FIFO,8,0.7390828720108956,0.008418364305550093,53.08344442375835,0.0628838390896818
locality_lg_tight_hot90,locality,lg,"Alta localidade (90% hot) | Grande, universo restrito (100k refs, 50 pags, WS=20%)",FIFO,16,1.0254500631619483,0.00249087891980823,87.04898664971539,0.02959965137848828
locality_lg_tight_hot90,locality,lg,"Alta localidade (90% hot) | Grande, universo restrito (100k refs, 50 pags, WS=20%)",FIFO,32,1.332428493503738,0.1101698574238877,153.16425236798517,0.7557239301052975
locality_lg_tight_hot90,locality,lg,"Alta localidade (90% hot) | Grande, universo restrito (100k refs, 50 pags, WS=20%)",FIFO,64,1.0327922338721816,0.004243051118358132,279.0926197530971,0.03564869956998763
locality_lg_tight_hot90,locality,lg,"Alta localidade (90% hot) | Grande, universo restrito (100k refs, 50 pags, WS=20%)",FIFO,128,1.0635137675353505,0.04250911564867453,535.3136606688864,0.28373368388653564
locality_lg_tight_hot90,locality,lg,"Alta localidade (90% hot) | Grande, universo restrito (100k refs, 50 pags, WS=20%)",LFU,2,6.97960670899653,0.17281435024449798,7853336.291304092,1.3263980180745951
locality_lg_tight_hot90,locality,lg,"Alta localidade (90% hot) | Grande, universo restrito (100k refs, 50 pags, WS=20%)",LFU,4,7.465536251890983,0.20930650242618565,6999411.424024032,1.3659814120103582
locality_lg_tight_hot90,locality,lg,"Alta localidade (90% hot) | Grande, universo restrito (100k refs, 50 pags, WS=20%)",LFU,8,6.18010394668495,0.06216517757833137,5326082.615608158,0.41807362989676017
locality_lg_tight_hot90,locality,lg,"Alta localidade (90% hot) | Grande, universo restrito (100k refs, 50 pags, WS=20%)",LFU,16,4.0980392659636395,0.047627724929344105,4368228.362845032,0.3366751747230641
locality_lg_tight_hot90,locality,lg,"Alta localidade (90% hot) | Grande, universo restrito (100k refs, 50 pags, WS=20%)",LFU,32,4.203981788874943,0.039814185467756176,4149381.0492297364,0.3046836849964774
locality_lg_tight_hot90,locality,lg,"Alta localidade (90% hot) | Grande, universo restrito (100k refs, 50 pags, WS=20%)",LFU,64,2.705625202128247,0.14448747322020952,3900754.7499923976,1.03248108152788
locality_lg_tight_hot90,locality,lg,"Alta localidade (90% hot) | Grande, universo restrito (100k refs, 50 pags, WS=20%)",LFU,128,2.786769007079042,0.05202845200511821,3900755.268329519,0.3731231561732215
locality_lg_tight_hot90,locality,lg,"Alta localidade (90% hot) | Grande, universo restrito (100k refs, 50 pags, WS=20%)",LRU,2,3.1071877222056066,0.2358937053331622,4000189.551798325,1.6669787620391
locality_lg_tight_hot90,locality,lg,"Alta localidade (90% hot) | Grande, universo restrito (100k refs, 50 pags, WS=20%)",LRU,4,3.170431535859401,0.047550435522275857,4000189.969544945,0.32942353474474645
locality_lg_tight_hot90,locality,lg,"Alta localidade (90% hot) | Grande, universo restrito (100k refs, 50 pags, WS=20%)",LRU,8,3.489225732969986,0.028654924576695,4000232.1649908787,0.20554864773641776
locality_lg_tight_hot90,locality,lg,"Alta localidade (90% hot) | Grande, universo restrito (100k refs, 50 pags, WS=20%)",LRU,16,3.030674451921479,0.016043022888029147,4287264.982149166,31.90881392686014
locality_lg_tight_hot90,locality,lg,"Alta localidade (90% hot) | Grande, universo restrito (100k refs, 50 pags, WS=20%)",LRU,32,2.804219489343242,0.10097589717811783,4140971.4624599814,0.7177062518370874
locality_lg_tight_hot90,locality,lg,"Alta localidade (90% hot) | Grande, universo restrito (100k refs, 50 pags, WS=20%)",LRU,64,2.9649184520975718,0.23631108623739175,4001136.538673694,17.48828118915344
locality_lg_tight_hot90,locality,lg,"Alta localidade (90% hot) | Grande, universo restrito (100k refs, 50 pags, WS=20%)",LRU,128,3.2068289622398387,0.17340902709570963,4001126.256984671,1.2566954574449711
locality_lg_tight_hot90,locality,lg,"Alta localidade (90% hot) | Grande, universo restrito (100k refs, 50 pags, WS=20%)",Otimo,2,3.9246020039044125,0.23757296981115178,2934123.134827307,1.635594033430939
locality_lg_tight_hot90,locality,lg,"Alta localidade (90% hot) | Grande, universo restrito (100k refs, 50 pags, WS=20%)",Otimo,4,4.246934596385854,0.049889697802299945,2915757.410758884,0.3730398780241586
locality_lg_tight_hot90,locality,lg,"Alta localidade (90% hot) | Grande, universo restrito (100k refs, 50 pags, WS=20%)",Otimo,8,6.28666499520083,2.1065990628524953,2878363.4443995818,116.48923267893146
locality_lg_tight_hot90,locality,lg,"Alta localidade (90% hot) | Grande, universo restrito (100k refs, 50 pags, WS=20%)",Otimo,16,11.950647472198877,0.0759969954414616,2813138.2825770313,0.812572861630893
locality_lg_tight_hot90,locality,lg,"Alta localidade (90% hot) | Grande, universo restrito (100k refs, 50 pags, WS=20%)",Otimo,32,16.734375648548298,7.51786981049397,2661826.988254538,153.111277479014
locality_lg_tight_hot90,locality,lg,"Alta localidade (90% hot) | Grande, universo restrito (100k refs, 50 pags, WS=20%)",Otimo,64,0.5204873613918013,0.008638178723476523,2691.573865572808,0.06208700647005632
locality_lg_tight_hot90,locality,lg,"Alta localidade (90% hot) | Grande, universo restrito (100k refs, 50 pags, WS=20%)",Otimo,128,0.5224216545996038,0.00525167787539474,2691.5863395020333,0.041545269058896356
locality_lg_tight_hot90,locality,lg,"Alta localidade (90% hot) | Grande, universo restrito (100k refs, 50 pags, WS=20%)",Random,2,2.6808461680105413,0.03270067625870503,2686938.6014851136,0.2733372558539635
locality_lg_tight_hot90,locality,lg,"Alta localidade (90% hot) | Grande, universo restrito (100k refs, 50 pags, WS=20%)",Random,4,2.8799958399894345,0.02766063609822642,2194667.914422489,0.19798541303423847
locality_lg_tight_hot90,locality,lg,"Alta localidade (90% hot) | Grande, universo restrito (100k refs, 50 pags, WS=20%)",Random,8,2.0906380020402056,0.02462490438453286,1345526.4908895898,0.16858210800401238
locality_lg_tight_hot90,locality,lg,"Alta localidade (90% hot) | Grande, universo restrito (100k refs, 50 pags, WS=20%)",Random,16,1.3120681713144786,0.011025846208401984,560001.0897210352,12.752435172194685
locality_lg_tight_hot90,locality,lg,"Alta localidade (90% hot) | Grande, universo restrito (100k refs, 50 pags, WS=20%)",Random,32,0.8573656677679546,0.11410132292687562,199373.94170460603,0.7945673345888955
locality_lg_tight_hot90,locality,lg,"Alta localidade (90% hot) | Grande, universo restrito (100k refs, 50 pags, WS=20%)",Random,64,0.47269134384030603,0.005130305524836108,3691.2558117983945,0.050264079268013184
locality_lg_tight_hot90,locality,lg,"Alta localidade (90% hot) | Grande, universo restrito (100k refs, 50 pags, WS=20%)",Random,128,0.47224558373647146,0.003218339872688705,3691.2535612622405,0.04601731508652238
locality_lg_wide_ws40,locality,lg,"Localidade moderada (80% hot) | Grande, WS grande (100k refs, 500 pags, WS=40%)",Clock,2,3.140973053825392,0.025610107702173014,5513029.755279252,0.17345021401107788
locality_lg_wide_ws40,locality,lg,"Localidade moderada (80% hot) | Grande, WS grande (100k refs, 500 pags, WS=40%)",Clock,4,4.204757316337329,0.02664023268953239,5489461.127992443,0.2596582743066214
locality_lg_wide_ws40,locality,lg,"Localidade moderada (80% hot) | Grande, WS grande (100k refs, 500 pags, WS=40%)",Clock,8,5.0679677158569,0.3401793233619089,5440415.034475608,29.461240640889788
locality_lg_wide_ws40,locality,lg,"Localidade moderada (80% hot) | Grande, WS grande (100k refs, 500 pags, WS=40%)",Clock,16,5.325516151128715,0.06425905806618064,5340280.777229029,31.65783720574727
locality_lg_wide_ws40,locality,lg,"Localidade moderada (80% hot) | Grande, WS grande (100k refs, 500 pags, WS=40%)",Clock,32,5.060816824998762,0.15239750834028576,5136374.9853387475,30.86312647949802
locality_lg_wide_ws40,locality,lg,"Localidade moderada (80% hot) | Grande, WS grande (100k refs, 500 pags, WS=40%)",Clock,64,4.90542839033502,0.043931385537538926,4748697.896567598,0.37806377051031914
locality_lg_wide_ws40,locality,lg,"Localidade moderada (80% hot) | Grande, WS grande (100k refs, 500 pags, WS=40%)",Clock,128,4.111825893691439,0.09035957250675822,4018332.4501984366,0.6666709963452179
locality_lg_wide_ws40,locality,lg,"Localidade moderada (80% hot) | Grande, WS grande (100k refs, 500 pags, WS=40%)",FIFO,2,0.3672077080656802,0.001307043287882213,26.52484800330157,0.018461045327710365
locality_lg_wide_ws40,locality,lg,"Localidade moderada (80% hot) | Grande, WS grande (100k refs, 500 pags, WS=40%)",FIFO,4,0.369598902379574,0.0023718291813202364,34.535473617391894,0.018094555103715403
locality_lg_wide_ws40,locality,lg,"Localidade moderada (80% hot) | Grande, WS grande (100k refs, 500 pags, WS=40%)",FIFO,8,0.4319967723784271,0.0034524340372971206,50.967410463914284,0.032070980767159
locality_lg_wide_ws40,locality,lg,"Localidade moderada (80% hot) | Grande, WS grande (100k refs, 500 pags, WS=40%)",FIFO,16,0.6779782481162242,0.004267007595004542,84.65869400505805,0.036415537007524916
locality_lg_wide_ws40,locality,lg,"Localidade moderada (80% hot) | Grande, WS grande (100k refs, 500 pags, WS=40%)",FIFO,32,1.1039912946361485,0.03033142453835911,151.57792234658456,0.21545022659519988
locality_lg_wide_ws40,locality,lg,"Localidade moderada (80% hot) | Grande, WS grande (100k refs, 500 pags, WS=40%)",FIFO,64,2.073556874710351,0.010700818308375543,286.22430008079215,0.11396976792529412
locality_lg_wide_ws40,locality,lg,"Localidade moderada (80% hot) | Grande, WS grande (100k refs, 500 pags, WS=40%)",FIFO,128,3.11529330004437,0.2343023322434507,549.4162358801939,1.6278488536034823
locality_lg_wide_ws40,locality,lg,"Localidade moderada (80% hot) | Grande, WS grande (100k refs, 500 pags, WS=40%)",LFU,2,8.772640785267644,0.11712386751922248,14994420.508940205,0.6020545284793597
locality_lg_wide_ws40,locality,lg,"Localidade moderada (80% hot) | Grande, WS grande (100k refs, 500 pags, WS=40%)",LFU,4,10.49146513349351,0.10414068789855378,14938864.32277446,1.1482953514664405
locality_lg_wide_ws40,locality,lg,"Localidade moderada (80% hot) | Grande, WS grande (100k refs, 500 pags, WS=40%)",LFU,8,16.316484993260474,0.21751864218739658,16363880.192792928,1.7649453257840337
locality_lg_wide_ws40,locality,lg,"Localidade moderada (80% hot) | Grande, WS grande (100k refs, 500 pags, WS=40%)",LFU,16,23.80443156821706,0.1496192399060877,17591506.11915836,3.1235561912412146
locality_lg_wide_ws40,locality,lg,"Localidade moderada (80% hot) | Grande, WS grande (100k refs, 500 pags, WS=40%)",LFU,32,37.308014559920636,0.9160123593067511,30882588.131216932,7.7208299544998535
locality_lg_wide_ws40,locality,lg,"Localidade moderada (80% hot) | Grande, WS grande (100k refs, 500 pags, WS=40%)",LFU,64,56.46809769444444,0.407381568508723,40622704.88888889,1.416566690808485
locality_lg_wide_ws40,locality,lg,"Localidade moderada (80% hot) | Grande, WS grande (100k refs, 500 pags, WS=40%)",LFU,128,76.98534434230768,2.1301435359041494,56359217.38901099,29.196101026046136
locality_lg_wide_ws40,locality,lg,"Localidade moderada (80% hot) | Grande, WS grande (100k refs, 500 pags, WS=40%)",LRU,2,3.9883942773661714,0.1776722899463461,5564595.641368383,1.1599190556877501
locality_lg_wide_ws40,locality,lg,"Localidade moderada (80% hot) | Grande, WS grande (100k refs, 500 pags, WS=40%)",LRU,4,3.8046224716248225,0.13649547503412848,5568278.318721177,32.73802029176686
locality_lg_wide_ws40,locality,lg,"Localidade moderada (80% hot) | Grande, WS grande (100k refs, 500 pags, WS=40%)",LRU,8,4.639963910573547,0.2577325354745192,5575912.052915493,1.7545149593675564
locality_lg_wide_ws40,locality,lg,"Localidade moderada (80% hot) | Grande, WS grande (100k refs, 500 pags, WS=40%)",LRU,16,4.53144893839015,0.3492455866221572,5591571.40834113,16.731272737749904
locality_lg_wide_ws40,locality,lg,"Localidade moderada (80% hot) | Grande, WS grande (100k refs, 500 pags, WS=40%)",LRU,32,4.269402396794011,0.03402377462345676,5625293.505754435,0.2900654685300847
locality_lg_wide_ws40,locality,lg,"Localidade moderada (80% hot) | Grande, WS grande (100k refs, 500 pags, WS=40%)",LRU,64,4.237922642160961,0.09428844828710295,5690253.328622444,0.6530633869821002
locality_lg_wide_ws40,locality,lg,"Localidade moderada (80% hot) | Grande, WS grande (100k refs, 500 pags, WS=40%)",LRU,128,3.9094519618500856,0.03415212421553896,5814539.058816474,0.3272597780701527
locality_lg_wide_ws40,locality,lg,"Localidade moderada (80% hot) | Grande, WS grande (100k refs, 500 pags, WS=40%)",Otimo,2,5.864214409937635,1.4386864192307187,6260728.480433013,1197048.3448977657
locality_lg_wide_ws40,locality,lg,"Localidade moderada (80% hot) | Grande, WS grande (100k refs, 500 pags, WS=40%)",Otimo,4,7.149109449485687,1.606316102444611,7008233.362515037,2431430.211289512
locality_lg_wide_ws40,locality,lg,"Localidade moderada (80% hot) | Grande, WS grande (100k refs, 500 pags, WS=40%)",Otimo,8,10.895888211723769,0.2978402878667771,11796859.013088204,2.0930845430681364
locality_lg_wide_ws40,locality,lg,"Localidade moderada (80% hot) | Grande, WS grande (100k refs, 500 pags, WS=40%)",Otimo,16,16.07916708338134,0.1795041485340078,22125118.277752172,1.7557486117125964
locality_lg_wide_ws40,locality,lg,"Localidade moderada (80% hot) | Grande, WS grande (100k refs, 500 pags, WS=40%)",Otimo,32,24.530053129616725,0.30619009521367385,37923143.860627174,2.6465941382519285
locality_lg_wide_ws40,locality,lg,"Localidade moderada (80% hot) | Grande, WS grande (100k refs, 500 pags, WS=40%)",Otimo,64,42.52448523399999,1.130476481131683,68319839.248,5.8758400903962125
locality_lg_wide_ws40,locality,lg,"Localidade moderada (80% hot) | Grande, WS grande (100k refs, 500 pags, WS=40%)",Otimo,128,97.29568239727273,4.434168472653827,180032274.73454553,41.32432969330256
locality_lg_wide_ws40,locality,lg,"Localidade moderada (80% hot) | Grande, WS grande (100k refs, 500 pags, WS=40%)",Random,2,4.493747199881874,0.02482863588435424,6284375.08249916,0.24878429699973523
locality_lg_wide_ws40,locality,lg,"Localidade moderada (80% hot) | Grande, WS grande (100k refs, 500 pags, WS=40%)",Random,4,4.685722796182047,0.4012343294114649,6252096.377545698,66.51104677392543
locality_lg_wide_ws40,locality,lg,"Localidade moderada (80% hot) | Grande, WS grande (100k refs, 500 pags, WS=40%)",Random,8,5.041473182973368,0.041966447472845905,6186698.815127184,0.33148682143785746
locality_lg_wide_ws40,locality,lg,"Localidade moderada (80% hot) | Grande, WS grande (100k refs, 500 pags, WS=40%)",Random,16,4.900295945162998,0.2581832438813684,6058209.7982177455,1.6703302780401663
locality_lg_wide_ws40,locality,lg,"Localidade moderada (80% hot) | Grande, WS grande (100k refs, 500 pags, WS=40%)",Random,32,4.961614852311345,0.41283276433100613,5795074.253683017,66.52327256540514
locality_lg_wide_ws40,locality,lg,"Localidade moderada (80% hot) | Grande, WS grande (100k refs, 500 pags, WS=40%)",Random,64,4.4694216756878635,0.03193861031691039,5277782.887407077,0.25734694773453126
locality_lg_wide_ws40,locality,lg,"Localidade moderada (80% hot) | Grande, WS grande (100k refs, 500 pags, WS=40%)",Random,128,3.5940137125914986,0.03601800256211448,4332056.852986645,0.2769109238432711
locality_md_huge_ws10,locality,md,"Alta localidade (85% hot) | Medio, universo enorme (10k refs, 2000 pags, WS=10%)",Clock,2,0.28302821210522844,0.018763213695460794,535321.9598708155,0.12257642164428427
locality_md_huge_ws10,locality,md,"Alta localidade (85% hot) | Medio, universo enorme (10k refs, 2000 pags, WS=10%)",Clock,4,0.40661234677398594,0.037540898234916964,533134.8200924441,31.6089041434127
locality_md_huge_ws10,locality,md,"Alta localidade (85% hot) | Medio, universo enorme (10k refs, 2000 pags, WS=10%)",Clock,8,0.46984509602236113,0.011560851172337213,527475.2551756685,0.08212717055747742
locality_md_huge_ws10,locality,md,"Alta localidade (85% hot) | Medio, universo enorme (10k refs, 2000 pags, WS=10%)",Clock,16,0.47355517298707256,0.007152639132623108,516523.2840800391,0.05431297323118529
locality_md_huge_ws10,locality,md,"Alta localidade (85% hot) | Medio, universo enorme (10k refs, 2000 pags, WS=10%)",Clock,32,0.4619876047771837,0.005698032605376665,497051.2006015704,0.03346628220644047
locality_md_huge_ws10,locality,md,"Alta localidade (85% hot) | Medio, universo enorme (10k refs, 2000 pags, WS=10%)",Clock,64,0.421361956416009,0.004750260584519328,455322.91924162285,0.02547566781494018
locality_md_huge_ws10,locality,md,"Alta localidade (85% hot) | Medio, universo enorme (10k refs, 2000 pags, WS=10%)",Clock,128,0.3646914521087946,0.027253232118429848,378678.5257805218,31.687581599854955
locality_md_huge_ws10,locality,md,"Alta localidade (85% hot) | Medio, universo enorme (10k refs, 2000 pags, WS=10%)",FIFO,2,0.03684273706813403,0.00047761177864527496,24.253246890372594,0.003228295943560122
locality_md_huge_ws10,locality,md,"Alta localidade (85% hot) | Medio, universo enorme (10k refs, 2000 pags, WS=10%)",FIFO,4,0.0385767475276519,0.003788363785776334,32.26586445776358,0.026655603678448877
locality_md_huge_ws10,locality,md,"Alta localidade (85% hot) | Medio, universo enorme (10k refs, 2000 pags, WS=10%)",FIFO,8,0.04350581315765416,0.0007642678382760629,48.29983287952745,0.0068033927208789235
locality_md_huge_ws10,locality,md,"Alta localidade (85% hot) | Medio, universo enorme (10k refs, 2000 pags, WS=10%)",FIFO,16,0.0710357189916038,0.007054364832182906,80.49045211865995,0.0459770340791649
locality_md_huge_ws10,locality,md,"Alta localidade (85% hot) | Medio, universo enorme (10k refs, 2000 pags, WS=10%)",FIFO,32,0.11120851459055343,0.0013490537866398316,144.7649629248607,0.012222594358133951
locality_md_huge_ws10,locality,md,"Alta localidade (85% hot) | Medio, universo enorme (10k refs, 2000 pags, WS=10%)",FIFO,64,0.19947243871027207,0.00946715294851923,273.37135638453736,0.06836178256505128
locality_md_huge_ws10,locality,md,"Alta localidade (85% hot) | Medio, universo enorme (10k refs, 2000 pags, WS=10%)",FIFO,128,0.30191347471373775,0.013075972010323433,530.0692650176968,0.08957319884221127
locality_md_huge_ws10,locality,md,"Alta localidade (85% hot) | Medio, universo enorme (10k refs, 2000 pags, WS=10%)",LFU,2,0.8581158963289497,0.08695005611968123,1312485.9466501626,0.5987314291175734
locality_md_huge_ws10,locality,md,"Alta localidade (85% hot) | Medio, universo enorme (10k refs, 2000 pags, WS=10%)",LFU,4,1.042171827751848,0.010468264041811228,1316455.2095624364,0.08128047034391166
locality_md_huge_ws10,locality,md,"Alta localidade (85% hot) | Medio, universo enorme (10k refs, 2000 pags, WS=10%)",LFU,8,1.6593778506843635,0.016219634459723672,1467971.5053428565,0.17218949205880327
locality_md_huge_ws10,locality,md,"Alta localidade (85% hot) | Medio, universo enorme (10k refs, 2000 pags, WS=10%)",LFU,16,2.6013825515533098,0.07563734988904738,2450882.020077673,0.5459304495201033
locality_md_huge_ws10,locality,md,"Alta localidade (85% hot) | Medio, universo enorme (10k refs, 2000 pags, WS=10%)",LFU,32,4.195350241161726,0.22132130453229404,3031645.0367244976,1.540953184346732
locality_md_huge_ws10,locality,md,"Alta localidade (85% hot) | Medio, universo enorme (10k refs, 2000 pags, WS=10%)",LFU,64,6.03798664948036,0.06751260236144968,3618825.6424414264,0.4770464882071632
locality_md_huge_ws10,locality,md,"Alta localidade (85% hot) | Medio, universo enorme (10k refs, 2000 pags, WS=10%)",LFU,128,7.253342744072642,0.052162239613179326,3827762.071625483,0.3020556588049533
locality_md_huge_ws10,locality,md,"Alta localidade (85% hot) | Medio, universo enorme (10k refs, 2000 pags, WS=10%)",LRU,2,0.3662287154341824,0.022520743584472282,546054.5373877137,18.968630961774583
locality_md_huge_ws10,locality,md,"Alta localidade (85% hot) | Medio, universo enorme (10k refs, 2000 pags, WS=10%)",LRU,4,0.37357202253732025,0.0040631752924330635,546418.5906258492,0.0316204193688351
locality_md_huge_ws10,locality,md,"Alta localidade (85% hot) | Medio, universo enorme (10k refs, 2000 pags, WS=10%)",LRU,8,0.45388358386200434,0.009517858819087635,547271.1402808889,19.181573848262975
locality_md_huge_ws10,locality,md,"Alta localidade (85% hot) | Medio, universo enorme (10k refs, 2000 pags, WS=10%)",LRU,16,0.4418914183554021,0.007246922320094672,549099.06299383,0.05755987890373287
locality_md_huge_ws10,locality,md,"Alta localidade (85% hot) | Medio, universo enorme (10k refs, 2000 pags, WS=10%)",LRU,32,0.43957594861360355,0.0033310419895740567,552647.0485986045,19.13581422668535
locality_md_huge_ws10,locality,md,"Alta localidade (85% hot) | Medio, universo enorme (10k refs, 2000 pags, WS=10%)",LRU,64,0.42682454233608214,0.014634071786240556,559546.9519474554,0.1057245849662109
locality_md_huge_ws10,locality,md,"Alta localidade (85% hot) | Medio, universo enorme (10k refs, 2000 pags, WS=10%)",LRU,128,0.43843541786327567,0.030192334043437245,572923.038666869,0.21101529373036768
locality_md_huge_ws10,locality,md,"Alta localidade (85% hot) | Medio, universo enorme (10k refs, 2000 pags, WS=10%)",Otimo,2,0.6319883019495472,0.013776177092590488,673380.3875241582,0.09822060272097877
locality_md_huge_ws10,locality,md,"Alta localidade (85% hot) | Medio, universo enorme (10k refs, 2000 pags, WS=10%)",Otimo,4,0.7935806734483586,0.007972159662370346,824229.4993862048,0.06649061211164412
locality_md_huge_ws10,locality,md,"Alta localidade (85% hot) | Medio, universo enorme (10k refs, 2000 pags, WS=10%)",Otimo,8,1.2077266171646424,0.14725997852415393,1149784.3699215478,1.0051743916981224
locality_md_huge_ws10,locality,md,"Alta localidade (85% hot) | Medio, universo enorme (10k refs, 2000 pags, WS=10%)",Otimo,16,1.7114477206147292,0.06727831713385596,2413947.8436803506,0.4571619963700823
locality_md_huge_ws10,locality,md,"Alta localidade (85% hot) | Medio, universo enorme (10k refs, 2000 pags, WS=10%)",Otimo,32,2.6386953736425167,0.1036335112931985,4328834.303376881,0.7698054108816493
locality_md_huge_ws10,locality,md,"Alta localidade (85% hot) | Medio, universo enorme (10k refs, 2000 pags, WS=10%)",Otimo,64,4.890171559656571,0.13159028168967415,7946009.804695085,1.0005448511001531
locality_md_huge_ws10,locality,md,"Alta localidade (85% hot) | Medio, universo enorme (10k refs, 2000 pags, WS=10%)",Otimo,128,9.299849472080066,0.1613310727573796,18986559.889396764,1.1178695070332885
locality_md_huge_ws10,locality,md,"Alta localidade (85% hot) | Medio, universo enorme (10k refs, 2000 pags, WS=10%)",Random,2,0.4464699204442805,0.006200455984066786,607323.0918681403,0.047426957231663396
locality_md_huge_ws10,locality,md,"Alta localidade (85% hot) | Medio, universo enorme (10k refs, 2000 pags, WS=10%)",Random,4,0.493578734817942,0.03549984127531023,604651.4230181869,0.24721443221585682
locality_md_huge_ws10,locality,md,"Alta localidade (85% hot) | Medio, universo enorme (10k refs, 2000 pags, WS=10%)",Random,8,0.5383020534834275,0.030530032859007433,596955.7252477778,0.2100828528105497
locality_md_huge_ws10,locality,md,"Alta localidade (85% hot) | Medio, universo enorme (10k refs, 2000 pags, WS=10%)",Random,16,0.5517953724046535,0.010509566016961121,582323.8225091622,0.06939351093958765
locality_md_huge_ws10,locality,md,"Alta localidade (85% hot) | Medio, universo enorme (10k refs, 2000 pags, WS=10%)",Random,32,0.5214517378083705,0.010358784271819424,554843.6087437153,0.07411565901573394
locality_md_huge_ws10,locality,md,"Alta localidade (85% hot) | Medio, universo enorme (10k refs, 2000 pags, WS=10%)",Random,64,0.45197006669370154,0.023511780070222713,505195.1343985146,0.1671752232234801
locality_md_huge_ws10,locality,md,"Alta localidade (85% hot) | Medio, universo enorme (10k refs, 2000 pags, WS=10%)",Random,128,0.37055799174713916,0.02050989183780232,407858.57113941526,0.14871148112959687
locality_md_medium_hot70,locality,md,"Localidade moderada (70% hot) | Medio (10k refs, 200 pags, WS=20%)",Clock,2,0.23196655950289946,0.0014259204431931257,374937.60577589285,0.011993382146417259
locality_md_medium_hot70,locality,md,"Localidade moderada (70% hot) | Medio (10k refs, 200 pags, WS=20%)",Clock,4,0.3093188857305354,0.002582902674580927,366722.1401801292,0.018843212931754005
locality_md_medium_hot70,locality,md,"Localidade moderada (70% hot) | Medio (10k refs, 200 pags, WS=20%)",Clock,8,0.3943712937176276,0.008692247535101238,350242.7322471831,0.06126298632895635
locality_md_medium_hot70,locality,md,"Localidade moderada (70% hot) | Medio (10k refs, 200 pags, WS=20%)",Clock,16,0.3901077020546956,0.03293274933470674,320054.7053664839,31.641607042173877
locality_md_medium_hot70,locality,md,"Localidade moderada (70% hot) | Medio (10k refs, 200 pags, WS=20%)",Clock,32,0.3253553518008502,0.0063290064525629115,265018.25328928547,0.0468452851186659
locality_md_medium_hot70,locality,md,"Localidade moderada (70% hot) | Medio (10k refs, 200 pags, WS=20%)",Clock,64,0.24612417458327776,0.005047608625188299,179337.70359183213,0.03608286249845568
locality_md_medium_hot70,locality,md,"Localidade moderada (70% hot) | Medio (10k refs, 200 pags, WS=20%)",Clock,128,0.16990430242990529,0.014798798117531216,98521.17787879216,0.10222195133350816
locality_md_medium_hot70,locality,md,"Localidade moderada (70% hot) | Medio (10k refs, 200 pags, WS=20%)",FIFO,2,0.03806416275417758,0.0003824461549807126,24.26175992638065,0.002630391088090065
locality_md_medium_hot70,locality,md,"Localidade moderada (70% hot) | Medio (10k refs, 200 pags, WS=20%)",FIFO,4,0.039662042039794114,0.0032468752003609173,32.27330181731728,0.0214993888859182
locality_md_medium_hot70,locality,md,"Localidade moderada (70% hot) | Medio (10k refs, 200 pags, WS=20%)",FIFO,8,0.0462061030073796,0.0036188038394047227,48.31795271391597,0.023873162095579284
locality_md_medium_hot70,locality,md,"Localidade moderada (70% hot) | Medio (10k refs, 200 pags, WS=20%)",FIFO,16,0.07689965647730405,0.0026764021919276878,80.53126937662141,0.0190114925376905
locality_md_medium_hot70,locality,md,"Localidade moderada (70% hot) | Medio (10k refs, 200 pags, WS=20%)",FIFO,32,0.1296572773204254,0.019416001943417468,144.89212771370413,0.13331893536722308
locality_md_medium_hot70,locality,md,"Localidade moderada (70% hot) | Medio (10k refs, 200 pags, WS=20%)",FIFO,64,0.189273300161069,0.0021448975716051645,273.3018708908149,0.017656490955290063
locality_md_medium_hot70,locality,md,"Localidade moderada (70% hot) | Medio (10k refs, 200 pags, WS=20%)",FIFO,128,0.36542545336270954,0.00611696529135358,530.5109251774246,0.0466290967690837
locality_md_medium_hot70,locality,md,"Localidade moderada (70% hot) | Medio (10k refs, 200 pags, WS=20%)",LFU,2,0.799459688317428,0.009141085432566367,984721.5326227421,31.925198288763404
locality_md_medium_hot70,locality,md,"Localidade moderada (70% hot) | Medio (10k refs, 200 pags, WS=20%)",LFU,4,0.9690707424797538,0.03938679217537638,972466.7058329799,31.63133889134954
locality_md_medium_hot70,locality,md,"Localidade moderada (70% hot) | Medio (10k refs, 200 pags, WS=20%)",LFU,8,1.7050147722886053,0.030518596663490893,1208795.8271440943,0.22626055676176637
locality_md_medium_hot70,locality,md,"Localidade moderada (70% hot) | Medio (10k refs, 200 pags, WS=20%)",LFU,16,1.9702367785625658,0.07659195707620733,860061.6515173552,0.5450825399150283
locality_md_medium_hot70,locality,md,"Localidade moderada (70% hot) | Medio (10k refs, 200 pags, WS=20%)",LFU,32,2.2770967221448273,0.17998686533793765,709439.7920958858,1.250154698344427
locality_md_medium_hot70,locality,md,"Localidade moderada (70% hot) | Medio (10k refs, 200 pags, WS=20%)",LFU,64,2.0778362873123735,0.151586267874886,931498.4134603009,32.90886835143395
locality_md_medium_hot70,locality,md,"Localidade moderada (70% hot) | Medio (10k refs, 200 pags, WS=20%)",LFU,128,2.4285656033931473,0.08304262629663324,1285632.8336277525,0.564946020222581
locality_md_medium_hot70,locality,md,"Localidade moderada (70% hot) | Medio (10k refs, 200 pags, WS=20%)",LRU,2,0.32964540407572573,0.003872222892116564,442634.2839751731,0.031645006768809034
locality_md_medium_hot70,locality,md,"Localidade moderada (70% hot) | Medio (10k refs, 200 pags, WS=20%)",LRU,4,0.365438388242622,0.017377336371465588,442714.52805871505,0.11737638368816175
locality_md_medium_hot70,locality,md,"Localidade moderada (70% hot) | Medio (10k refs, 200 pags, WS=20%)",LRU,8,0.43097806457007204,0.005704079638885829,442858.98293639283,0.03440224297648381
locality_md_medium_hot70,locality,md,"Localidade moderada (70% hot) | Medio (10k refs, 200 pags, WS=20%)",LRU,16,0.42165391563842547,0.0037806898543782043,443434.92145033664,0.02948456842385283
locality_md_medium_hot70,locality,md,"Localidade moderada (70% hot) | Medio (10k refs, 200 pags, WS=20%)",LRU,32,0.37669314199970794,0.0024229927427666946,444642.60515616427,0.018430152436534817
locality_md_medium_hot70,locality,md,"Localidade moderada (70% hot) | Medio (10k refs, 200 pags, WS=20%)",LRU,64,0.36152429981618106,0.00993661170607242,447530.5035915774,0.0740925937057558
locality_md_medium_hot70,locality,md,"Localidade moderada (70% hot) | Medio (10k refs, 200 pags, WS=20%)",LRU,128,0.3160386608341243,0.015796197885781026,496282.18997513584,0.1135192835547804
locality_md_medium_hot70,locality,md,"Localidade moderada (70% hot) | Medio (10k refs, 200 pags, WS=20%)",Otimo,2,0.5405735430385925,0.025813308553480362,410579.74696998514,0.17625787805661233
locality_md_medium_hot70,locality,md,"Localidade moderada (70% hot) | Medio (10k refs, 200 pags, WS=20%)",Otimo,4,0.6886370721256005,0.021184794646008323,477652.76605596347,0.15247372046133575
locality_md_medium_hot70,locality,md,"Localidade moderada (70% hot) | Medio (10k refs, 200 pags, WS=20%)",Otimo,8,0.9039702863411225,0.01414556256114648,681142.2642079962,0.104851946860928
locality_md_medium_hot70,locality,md,"Localidade moderada (70% hot) | Medio (10k refs, 200 pags, WS=20%)",Otimo,16,1.3206680374995583,0.049883151682527355,1049753.1667612118,0.35120355004435555
locality_md_medium_hot70,locality,md,"Localidade moderada (70% hot) | Medio (10k refs, 200 pags, WS=20%)",Otimo,32,2.361006888840839,0.04958731415892213,1894448.3390251677,0.39806983803728885
locality_md_medium_hot70,locality,md,"Localidade moderada (70% hot) | Medio (10k refs, 200 pags, WS=20%)",Otimo,64,4.170677617569695,0.08764669310730537,986844.8496455594,0.5545149525248987
locality_md_medium_hot70,locality,md,"Localidade moderada (70% hot) | Medio (10k refs, 200 pags, WS=20%)",Otimo,128,6.772908911107595,0.18955328017993953,8165518.678433317,1.4091240515635708
locality_md_medium_hot70,locality,md,"Localidade moderada (70% hot) | Medio (10k refs, 200 pags, WS=20%)",Random,2,0.39345186085596645,0.004920568198108568,396586.7222081918,0.03600151639655447
locality_md_medium_hot70,locality,md,"Localidade moderada (70% hot) | Medio (10k refs, 200 pags, WS=20%)",Random,4,0.4050258166027785,0.02915401957411892,388122.8022647698,0.2001901531026683
locality_md_medium_hot70,locality,md,"Localidade moderada (70% hot) | Medio (10k refs, 200 pags, WS=20%)",Random,8,0.4303793704618135,0.006009464000372252,372170.9814179511,0.046902122044105765
locality_md_medium_hot70,locality,md,"Localidade moderada (70% hot) | Medio (10k refs, 200 pags, WS=20%)",Random,16,0.39002701002332096,0.0066185092434652235,341202.70179223083,0.04776826018120006
locality_md_medium_hot70,locality,md,"Localidade moderada (70% hot) | Medio (10k refs, 200 pags, WS=20%)",Random,32,0.3292015215798586,0.010005559907719428,285786.2803621227,0.06940034554910839
locality_md_medium_hot70,locality,md,"Localidade moderada (70% hot) | Medio (10k refs, 200 pags, WS=20%)",Random,64,0.26046800058896985,0.0034825241662650042,211497.80633207443,0.026213076902397933
locality_md_medium_hot70,locality,md,"Localidade moderada (70% hot) | Medio (10k refs, 200 pags, WS=20%)",Random,128,0.13167157976347302,0.0024488146917482643,110240.91111163567,0.0186086057197819
locality_md_tight_hot90,locality,md,"Alta localidade (90% hot) | Medio, universo restrito (10k refs, 50 pags, WS=20%)",Clock,2,0.24276095270573986,0.002430846853558091,271033.6804990765,0.023399239752086846
locality_md_tight_hot90,locality,md,"Alta localidade (90% hot) | Medio, universo restrito (10k refs, 50 pags, WS=20%)",Clock,4,0.24703874404012832,0.011831530959871066,220717.70869548438,31.79062212475742
locality_md_tight_hot90,locality,md,"Alta localidade (90% hot) | Medio, universo restrito (10k refs, 50 pags, WS=20%)",Clock,8,0.23031580793322304,0.013225599002994037,131069.59436920611,31.789978704909295
locality_md_tight_hot90,locality,md,"Alta localidade (90% hot) | Medio, universo restrito (10k refs, 50 pags, WS=20%)",Clock,16,0.14192245239525958,0.006024453400855813,37704.98293030543,0.04235652732360169
locality_md_tight_hot90,locality,md,"Alta localidade (90% hot) | Medio, universo restrito (10k refs, 50 pags, WS=20%)",Clock,32,0.11999237405780935,0.012223570221368805,16552.832633304,0.08451192976961558
locality_md_tight_hot90,locality,md,"Alta localidade (90% hot) | Medio, universo restrito (10k refs, 50 pags, WS=20%)",Clock,64,0.10737354851410412,0.003807865059566918,3024.744407423013,0.026496477544587633
locality_md_tight_hot90,locality,md,"Alta localidade (90% hot) | Medio, universo restrito (10k refs, 50 pags, WS=20%)",Clock,128,0.10740900126001571,0.006813518421191315,3344.7442394051045,0.04652639355966348
locality_md_tight_hot90,locality,md,"Alta localidade (90% hot) | Medio, universo restrito (10k refs, 50 pags, WS=20%)",FIFO,2,0.04462684028137044,0.0020192148809024023,24.307042166086866,0.013820098710540619
locality_md_tight_hot90,locality,md,"Alta localidade (90% hot) | Medio, universo restrito (10k refs, 50 pags, WS=20%)",FIFO,4,0.04522627516019612,0.0010641871105413162,32.31131000764621,0.007667325752992766
locality_md_tight_hot90,locality,md,"Alta localidade (90% hot) | Medio, universo restrito (10k refs, 50 pags, WS=20%)",FIFO,8,0.0733426474101959,0.004985470961357501,48.50627754587741,0.032243398984411434
locality_md_tight_hot90,locality,md,"Alta localidade (90% hot) | Medio, universo restrito (10k refs, 50 pags, WS=20%)",FIFO,16,0.1013220372502676,0.004362169008002613,80.69900182930297,0.02867824709349336
locality_md_tight_hot90,locality,md,"Alta localidade (90% hot) | Medio, universo restrito (10k refs, 50 pags, WS=20%)",FIFO,32,0.1258714218737296,0.010614698572206031,144.86662262301795,0.07444692577480677
locality_md_tight_hot90,locality,md,"Alta localidade (90% hot) | Medio, universo restrito (10k refs, 50 pags, WS=20%)",FIFO,64,0.10410511889795948,0.0007448993559147068,272.71493424156586,0.006418347084793724
locality_md_tight_hot90,locality,md,"Alta localidade (90% hot) | Medio, universo restrito (10k refs, 50 pags, WS=20%)",FIFO,128,0.10408714121784908,0.0011444701650226061,528.7163026713189,0.009047128190075106
locality_md_tight_hot90,locality,md,"Alta localidade (90% hot) | Medio, universo restrito (10k refs, 50 pags, WS=20%)",LFU,2,0.6929844677424944,0.01644043586262022,782500.7971807967,0.11322397139605941
locality_md_tight_hot90,locality,md,"Alta localidade (90% hot) | Medio, universo restrito (10k refs, 50 pags, WS=20%)",LFU,4,0.7740110790895959,0.007729522852382387,695197.3558216706,0.057945957786940595
locality_md_tight_hot90,locality,md,"Alta localidade (90% hot) | Medio, universo restrito (10k refs, 50 pags, WS=20%)",LFU,8,0.652449270037222,0.006797281017133467,521852.52635630127,0.0601379053573
locality_md_tight_hot90,locality,md,"Alta localidade (90% hot) | Medio, universo restrito (10k refs, 50 pags, WS=20%)",LFU,16,0.4288324903349433,0.005207306595698025,418986.97382176475,0.03172887520273885
locality_md_tight_hot90,locality,md,"Alta localidade (90% hot) | Medio, universo restrito (10k refs, 50 pags, WS=20%)",LFU,32,0.44020516697927026,0.00544628025579914,392811.05163088266,0.04059550671890665
locality_md_tight_hot90,locality,md,"Alta localidade (90% hot) | Medio, universo restrito (10k refs, 50 pags, WS=20%)",LFU,64,0.26772331471950067,0.002544228447793568,365153.85416697426,0.020954529001488975
locality_md_tight_hot90,locality,md,"Alta localidade (90% hot) | Medio, universo restrito (10k refs, 50 pags, WS=20%)",LFU,128,0.26768548431258804,0.003354341794966894,365153.85198113776,0.02998641269554081
locality_md_tight_hot90,locality,md,"Alta localidade (90% hot) | Medio, universo restrito (10k refs, 50 pags, WS=20%)",LRU,2,0.28983306555534244,0.015387003943444812,400170.0062038267,0.10333819201691663
locality_md_tight_hot90,locality,md,"Alta localidade (90% hot) | Medio, universo restrito (10k refs, 50 pags, WS=20%)",LRU,4,0.3188486399077245,0.0010316347053221915,400170.2091572488,0.011064533165668909
locality_md_tight_hot90,locality,md,"Alta localidade (90% hot) | Medio, universo restrito (10k refs, 50 pags, WS=20%)",LRU,8,0.3310985047807122,0.015328610018999385,400210.2938640393,0.10327509172322805
locality_md_tight_hot90,locality,md,"Alta localidade (90% hot) | Medio, universo restrito (10k refs, 50 pags, WS=20%)",LRU,16,0.32763602470814923,0.037821044036417964,430786.2722410906,0.26262623543906194
locality_md_tight_hot90,locality,md,"Alta localidade (90% hot) | Medio, universo restrito (10k refs, 50 pags, WS=20%)",LRU,32,0.28444147528941083,0.008630361969077415,415101.9697819418,31.923789678528472
locality_md_tight_hot90,locality,md,"Alta localidade (90% hot) | Medio, universo restrito (10k refs, 50 pags, WS=20%)",LRU,64,0.2624998598472638,0.03642947204144847,401129.8153585197,0.2490518593253066
locality_md_tight_hot90,locality,md,"Alta localidade (90% hot) | Medio, universo restrito (10k refs, 50 pags, WS=20%)",LRU,128,0.2640326813881092,0.03167847434936441,401129.8295273449,0.2170736088589984
locality_md_tight_hot90,locality,md,"Alta localidade (90% hot) | Medio, universo restrito (10k refs, 50 pags, WS=20%)",Otimo,2,0.4777272933026322,0.020540993870884497,293939.31107360945,0.13094243245415083
locality_md_tight_hot90,locality,md,"Alta localidade (90% hot) | Medio, universo restrito (10k refs, 50 pags, WS=20%)",Otimo,4,0.5784175497760454,0.003742071452218648,292052.01093593205,0.02823323640698385
locality_md_tight_hot90,locality,md,"Alta localidade (90% hot) | Medio, universo restrito (10k refs, 50 pags, WS=20%)",Otimo,8,0.7658301808229577,0.007871581050218358,287925.3090456633,0.05195567850440015
locality_md_tight_hot90,locality,md,"Alta localidade (90% hot) | Medio, universo restrito (10k refs, 50 pags, WS=20%)",Otimo,16,1.1975545229696074,0.00808983502676742,279688.29600702185,0.058067356159869375
locality_md_tight_hot90,locality,md,"Alta localidade (90% hot) | Medio, universo restrito (10k refs, 50 pags, WS=20%)",Otimo,32,1.9297323158527064,0.02749902104470765,256669.36361228055,0.18372422590762655
locality_md_tight_hot90,locality,md,"Alta localidade (90% hot) | Medio, universo restrito (10k refs, 50 pags, WS=20%)",Otimo,64,0.055050091198482164,0.01290215677896993,2688.381636672836,0.0891259543136497
locality_md_tight_hot90,locality,md,"Alta localidade (90% hot) | Medio, universo restrito (10k refs, 50 pags, WS=20%)",Otimo,128,0.051020268331510445,0.005938818092227189,2688.3537025135533,0.04098819293972338
locality_md_tight_hot90,locality,md,"Alta localidade (90% hot) | Medio, universo restrito (10k refs, 50 pags, WS=20%)",Random,2,0.2906922042722857,0.004977807814962277,270906.0132734134,0.03869363383192115
locality_md_tight_hot90,locality,md,"Alta localidade (90% hot) | Medio, universo restrito (10k refs, 50 pags, WS=20%)",Random,4,0.2816927896935929,0.017133083116064863,220921.95176159032,0.11613356055022202
locality_md_tight_hot90,locality,md,"Alta localidade (90% hot) | Medio, universo restrito (10k refs, 50 pags, WS=20%)",Random,8,0.1979666279362543,0.01577446053469502,133361.37366479944,63.85324026498167
locality_md_tight_hot90,locality,md,"Alta localidade (90% hot) | Medio, universo restrito (10k refs, 50 pags, WS=20%)",Random,16,0.13353044420003768,0.0007425375057356603,60160.926157632806,0.004465429237661372
locality_md_tight_hot90,locality,md,"Alta localidade (90% hot) | Medio, universo restrito (10k refs, 50 pags, WS=20%)",Random,32,0.07171748976006316,0.0012078549609321589,22280.49891077521,0.01176749806511951
locality_md_tight_hot90,locality,md,"Alta localidade (90% hot) | Medio, universo restrito (10k refs, 50 pags, WS=20%)",Random,64,0.06305408333715279,0.008483924494023694,3714.8808354763146,17.79800417885148
locality_md_tight_hot90,locality,md,"Alta localidade (90% hot) | Medio, universo restrito (10k refs, 50 pags, WS=20%)",Random,128,0.06342630858581337,0.008948354898126037,3714.9698252040203,17.51008837070932
locality_md_wide_ws40,locality,md,"Localidade moderada (80% hot) | Medio, WS grande (10k refs, 500 pags, WS=40%)",Clock,2,0.27093702440288214,0.0011596718975623631,551705.8763465604,0.00859593370648849
locality_md_wide_ws40,locality,md,"Localidade moderada (80% hot) | Medio, WS grande (10k refs, 500 pags, WS=40%)",Clock,4,0.3796629650196291,0.006031187064641173,548866.6317507431,0.049004266034081326
locality_md_wide_ws40,locality,md,"Localidade moderada (80% hot) | Medio, WS grande (10k refs, 500 pags, WS=40%)",Clock,8,0.4728132892936787,0.0035409244438515237,543459.2740243238,0.028792635122634514
locality_md_wide_ws40,locality,md,"Localidade moderada (80% hot) | Medio, WS grande (10k refs, 500 pags, WS=40%)",Clock,16,0.4679186611831234,0.005011294671083677,534299.2384739274,0.039929261617735606
locality_md_wide_ws40,locality,md,"Localidade moderada (80% hot) | Medio, WS grande (10k refs, 500 pags, WS=40%)",Clock,32,0.465925269622101,0.004808167196061552,516315.22587847186,0.028771139393230744
locality_md_wide_ws40,locality,md,"Localidade moderada (80% hot) | Medio, WS grande (10k refs, 500 pags, WS=40%)",Clock,64,0.42369854369873705,0.006524897221373985,477354.93400194217,0.046209942709327746
locality_md_wide_ws40,locality,md,"Localidade moderada (80% hot) | Medio, WS grande (10k refs, 500 pags, WS=40%)",Clock,128,0.35623398040498244,0.003574194445560434,404522.4644423366,0.026508232694997788
locality_md_wide_ws40,locality,md,"Localidade moderada (80% hot) | Medio, WS grande (10k refs, 500 pags, WS=40%)",FIFO,2,0.03650194800814604,0.00014012355765236504,24.251140181130246,0.0012955449381958967
locality_md_wide_ws40,locality,md,"Localidade moderada (80% hot) | Medio, WS grande (10k refs, 500 pags, WS=40%)",FIFO,4,0.0392410536389533,0.003980225319214962,32.27053222199889,0.02687044293237394
locality_md_wide_ws40,locality,md,"Localidade moderada (80% hot) | Medio, WS grande (10k refs, 500 pags, WS=40%)",FIFO,8,0.04339941002110624,0.0006973414548550043,48.29895337712994,0.005670331251131072
locality_md_wide_ws40,locality,md,"Localidade moderada (80% hot) | Medio, WS grande (10k refs, 500 pags, WS=40%)",FIFO,16,0.07114680209177382,0.007231856237409444,80.49097941411917,0.047127639478819795
locality_md_wide_ws40,locality,md,"Localidade moderada (80% hot) | Medio, WS grande (10k refs, 500 pags, WS=40%)",FIFO,32,0.10855487181268368,0.0021975584019803193,144.7473644270717,0.01630609859718904
locality_md_wide_ws40,locality,md,"Localidade moderada (80% hot) | Medio, WS grande (10k refs, 500 pags, WS=40%)",FIFO,64,0.22537644996532671,0.05121869064107002,273.54930342949655,0.3512679502391531
locality_md_wide_ws40,locality,md,"Localidade moderada (80% hot) | Medio, WS grande (10k refs, 500 pags, WS=40%)",FIFO,128,0.29596152687138577,0.002915774786295624,530.0332065591356,0.019727943519227444
locality_md_wide_ws40,locality,md,"Localidade moderada (80% hot) | Medio, WS grande (10k refs, 500 pags, WS=40%)",LFU,2,0.8425860706558819,0.05309565208435279,1497429.841752056,0.36022738361817913
locality_md_wide_ws40,locality,md,"Localidade moderada (80% hot) | Medio, WS grande (10k refs, 500 pags, WS=40%)",LFU,4,1.0923306622023832,0.005914173899688243,1496103.554779689,0.051256724484306515
locality_md_wide_ws40,locality,md,"Localidade moderada (80% hot) | Medio, WS grande (10k refs, 500 pags, WS=40%)",LFU,8,1.6761549150780755,0.07626335341639463,1788915.6168757011,0.5446088330131443
locality_md_wide_ws40,locality,md,"Localidade moderada (80% hot) | Medio, WS grande (10k refs, 500 pags, WS=40%)",LFU,16,2.6147893966904774,0.026715814137619722,2202130.106131312,0.1962317286456883
locality_md_wide_ws40,locality,md,"Localidade moderada (80% hot) | Medio, WS grande (10k refs, 500 pags, WS=40%)",LFU,32,3.989721150552832,0.0540857558362293,2655611.5837693266,0.453420037990646
locality_md_wide_ws40,locality,md,"Localidade moderada (80% hot) | Medio, WS grande (10k refs, 500 pags, WS=40%)",LFU,64,6.073508493629264,0.0715922624188834,4109209.89420614,0.47757146602100675
locality_md_wide_ws40,locality,md,"Localidade moderada (80% hot) | Medio, WS grande (10k refs, 500 pags, WS=40%)",LFU,128,7.7755651644659265,0.12466462856072821,5131045.628303928,0.9685248298516719
locality_md_wide_ws40,locality,md,"Localidade moderada (80% hot) | Medio, WS grande (10k refs, 500 pags, WS=40%)",LRU,2,0.32918640934669996,0.025336777617164956,557010.2798741226,0.17694991451166306
locality_md_wide_ws40,locality,md,"Localidade moderada (80% hot) | Medio, WS grande (10k refs, 500 pags, WS=40%)",LRU,4,0.3978337833193266,0.008301145263122848,557450.7564038163,0.05698287221851326
locality_md_wide_ws40,locality,md,"Localidade moderada (80% hot) | Medio, WS grande (10k refs, 500 pags, WS=40%)",LRU,8,0.47471244096200005,0.0039224896434084736,558331.2916271015,0.029437400923229086
locality_md_wide_ws40,locality,md,"Localidade moderada (80% hot) | Medio, WS grande (10k refs, 500 pags, WS=40%)",LRU,16,0.4310243508672573,0.01259425668754933,560166.9847428078,19.040036801721108
locality_md_wide_ws40,locality,md,"Localidade moderada (80% hot) | Medio, WS grande (10k refs, 500 pags, WS=40%)",LRU,32,0.43757642135115143,0.010748868930981866,563303.0303935101,19.053431607314668
locality_md_wide_ws40,locality,md,"Localidade moderada (80% hot) | Medio, WS grande (10k refs, 500 pags, WS=40%)",LRU,64,0.441396076621126,0.0154334080891601,570631.0566145282,19.231359620143678
locality_md_wide_ws40,locality,md,"Localidade moderada (80% hot) | Medio, WS grande (10k refs, 500 pags, WS=40%)",LRU,128,0.41744030206036964,0.013429837368168938,583514.8895137903,0.09306885771402128
locality_md_wide_ws40,locality,md,"Localidade moderada (80% hot) | Medio, WS grande (10k refs, 500 pags, WS=40%)",Otimo,2,0.6384220056149335,0.004947665543184583,700612.4225135338,0.04522209141042778
locality_md_wide_ws40,locality,md,"Localidade moderada (80% hot) | Medio, WS grande (10k refs, 500 pags, WS=40%)",Otimo,4,0.7105386299963659,0.1335907333081338,701964.9288585937,244133.44295992257
locality_md_wide_ws40,locality,md,"Localidade moderada (80% hot) | Medio, WS grande (10k refs, 500 pags, WS=40%)",Otimo,8,1.0769514517722434,0.02154129074683895,1186919.4548066903,0.17064337349020306
locality_md_wide_ws40,locality,md,"Localidade moderada (80% hot) | Medio, WS grande (10k refs, 500 pags, WS=40%)",Otimo,16,1.622637771209377,0.032078700336247365,2136059.2269812273,0.2386176453566226
locality_md_wide_ws40,locality,md,"Localidade moderada (80% hot) | Medio, WS grande (10k refs, 500 pags, WS=40%)",Otimo,32,2.44640131424123,0.018573595805267427,3677232.922773621,0.15206942207240004
locality_md_wide_ws40,locality,md,"Localidade moderada (80% hot) | Medio, WS grande (10k refs, 500 pags, WS=40%)",Otimo,64,5.58738328406931,1.533202466904515,6669222.654288275,224190.78101335498
locality_md_wide_ws40,locality,md,"Localidade moderada (80% hot) | Medio, WS grande (10k refs, 500 pags, WS=40%)",Otimo,128,8.346011675190638,0.07996148614623066,17022649.53799384,0.5799107212039197
locality_md_wide_ws40,locality,md,"Localidade moderada (80% hot) | Medio, WS grande (10k refs, 500 pags, WS=40%)",Random,2,0.4461456247519068,0.004639887251085793,629035.0908232301,0.03374200426041206
locality_md_wide_ws40,locality,md,"Localidade moderada (80% hot) | Medio, WS grande (10k refs, 500 pags, WS=40%)",Random,4,0.5206620218890416,0.032520177612725604,625003.6121020506,0.23398532903510652
locality_md_wide_ws40,locality,md,"Localidade moderada (80% hot) | Medio, WS grande (10k refs, 500 pags, WS=40%)",Random,8,0.5547288148861604,0.005807395598922347,618875.8458705384,0.04685928878564884
locality_md_wide_ws40,locality,md,"Localidade moderada (80% hot) | Medio, WS grande (10k refs, 500 pags, WS=40%)",Random,16,0.5360131525480712,0.00869525829807228,607747.7156117947,0.0667074879362794
locality_md_wide_ws40,locality,md,"Localidade moderada (80% hot) | Medio, WS grande (10k refs, 500 pags, WS=40%)",Random,32,0.5077112156928255,0.04350625646969861,579195.5202447593,0.3020090200315676
locality_md_wide_ws40,locality,md,"Localidade moderada (80% hot) | Medio, WS grande (10k refs, 500 pags, WS=40%)",Random,64,0.4436441920577826,0.010852697519292898,529707.071531327,0.07731529903246673
locality_md_wide_ws40,locality,md,"Localidade moderada (80% hot) | Medio, WS grande (10k refs, 500 pags, WS=40%)",Random,128,0.349218707634025,0.006849951563764647,436226.4174241364,0.050997034458410154
locality_sm_medium_hot70,locality,sm,"Localidade moderada (70% hot) | Pequeno (2k refs, 200 pags, WS=20%)",Clock,2,0.048234460124220425,0.0006397256691685476,76568.334775765,0.005728333766720933
locality_sm_medium_hot70,locality,sm,"Localidade moderada (70% hot) | Pequeno (2k refs, 200 pags, WS=20%)",Clock,4,0.05838790586677452,0.0007482112198702138,74736.40523840082,0.006323700449846369
locality_sm_medium_hot70,locality,sm,"Localidade moderada (70% hot) | Pequeno (2k refs, 200 pags, WS=20%)",Clock,8,0.06837535818421678,0.0010268335131935465,71984.47437543175,0.00988666407341209
locality_sm_medium_hot70,locality,sm,"Localidade moderada (70% hot) | Pequeno (2k refs, 200 pags, WS=20%)",Clock,16,0.06462073401830015,0.0006958488790407447,66104.4489292718,0.007061386058677909
locality_sm_medium_hot70,locality,sm,"Localidade moderada (70% hot) | Pequeno (2k refs, 200 pags, WS=20%)",Clock,32,0.0547860698088514,0.0009457536221414499,55448.381311278485,0.00703024479122214
locality_sm_medium_hot70,locality,sm,"Localidade moderada (70% hot) | Pequeno (2k refs, 200 pags, WS=20%)",Clock,64,0.04457337577679164,0.0018969385601767523,40264.3088828704,0.01317428597808769
locality_sm_medium_hot70,locality,sm,"Localidade moderada (70% hot) | Pequeno (2k refs, 200 pags, WS=20%)",Clock,128,0.03161824846291621,0.0015830712961000628,25992.218911072756,0.011467651042401765
locality_sm_medium_hot70,locality,sm,"Localidade moderada (70% hot) | Pequeno (2k refs, 200 pags, WS=20%)",FIFO,2,0.007440119399927625,8.118704099735543e-05,24.051191221706,0.0004977692240188924
locality_sm_medium_hot70,locality,sm,"Localidade moderada (70% hot) | Pequeno (2k refs, 200 pags, WS=20%)",FIFO,4,0.008189679175069927,0.0006081132783327028,32.05633537349053,0.004180320140731318
locality_sm_medium_hot70,locality,sm,"Localidade moderada (70% hot) | Pequeno (2k refs, 200 pags, WS=20%)",FIFO,8,0.010245069324150341,9.122817981981991e-05,48.07047565871373,0.0007689495800553656
locality_sm_medium_hot70,locality,sm,"Localidade moderada (70% hot) | Pequeno (2k refs, 200 pags, WS=20%)",FIFO,16,0.015346275096294704,0.00039717512529282016,80.10556263100999,0.0026077370550521895
locality_sm_medium_hot70,locality,sm,"Localidade moderada (70% hot) | Pequeno (2k refs, 200 pags, WS=20%)",FIFO,32,0.02311143920493733,0.00038316880787242285,144.15927824208939,0.003628120537271926
locality_sm_medium_hot70,locality,sm,"Localidade moderada (70% hot) | Pequeno (2k refs, 200 pags, WS=20%)",FIFO,64,0.04717205752231407,0.0007649275624725246,272.32466981395817,0.006456601653204624
locality_sm_medium_hot70,locality,sm,"Localidade moderada (70% hot) | Pequeno (2k refs, 200 pags, WS=20%)",FIFO,128,0.06448020513476539,0.010097040550039077,528.4457196158149,0.06724809528466501
locality_sm_medium_hot70,locality,sm,"Localidade moderada (70% hot) | Pequeno (2k refs, 200 pags, WS=20%)",LFU,2,0.16625821412850866,0.011305072354172094,196529.1515817417,0.08087429577661105
locality_sm_medium_hot70,locality,sm,"Localidade moderada (70% hot) | Pequeno (2k refs, 200 pags, WS=20%)",LFU,4,0.18845202561271193,0.002813380055755,192209.30459642666,0.017059110078284086
locality_sm_medium_hot70,locality,sm,"Localidade moderada (70% hot) | Pequeno (2k refs, 200 pags, WS=20%)",LFU,8,0.2583183735538733,0.00167783286426065,182705.78735087792,0.011203069598263483
locality_sm_medium_hot70,locality,sm,"Localidade moderada (70% hot) | Pequeno (2k refs, 200 pags, WS=20%)",LFU,16,0.37590997241681656,0.0030486358198706424,168098.6009103739,0.025270992341503606
locality_sm_medium_hot70,locality,sm,"Localidade moderada (70% hot) | Pequeno (2k refs, 200 pags, WS=20%)",LFU,32,0.4727620383786615,0.005366033526054544,172355.27244826677,0.03909015660571948
locality_sm_medium_hot70,locality,sm,"Localidade moderada (70% hot) | Pequeno (2k refs, 200 pags, WS=20%)",LFU,64,0.5182039774764933,0.003300224542866279,216547.5920681965,0.021715272123980854
locality_sm_medium_hot70,locality,sm,"Localidade moderada (70% hot) | Pequeno (2k refs, 200 pags, WS=20%)",LFU,128,0.48220223486492503,0.007024635451116837,238099.33907226607,0.04995506779296401
locality_sm_medium_hot70,locality,sm,"Localidade moderada (70% hot) | Pequeno (2k refs, 200 pags, WS=20%)",LRU,2,0.06416708960504633,0.0029991676995520283,89306.38047559229,15.463458309076284
locality_sm_medium_hot70,locality,sm,"Localidade moderada (70% hot) | Pequeno (2k refs, 200 pags, WS=20%)",LRU,4,0.07054448100009666,0.004477689092779008,89313.40044512773,17.450745329188244
locality_sm_medium_hot70,locality,sm,"Localidade moderada (70% hot) | Pequeno (2k refs, 200 pags, WS=20%)",LRU,8,0.0807754135163016,0.004467679373490237,89334.05870089962,18.01941721604773
locality_sm_medium_hot70,locality,sm,"Localidade moderada (70% hot) | Pequeno (2k refs, 200 pags, WS=20%)",LRU,16,0.07695144244227492,0.0017113719135964877,89576.07982686858,17.250893380136947
locality_sm_medium_hot70,locality,sm,"Localidade moderada (70% hot) | Pequeno (2k refs, 200 pags, WS=20%)",LRU,32,0.07875971944083698,0.004685670870421511,89958.6633882749,18.389838328020307
locality_sm_medium_hot70,locality,sm,"Localidade moderada (70% hot) | Pequeno (2k refs, 200 pags, WS=20%)",LRU,64,0.07127633629277227,0.0018912399415964552,90985.29469316652,17.52015382714883
locality_sm_medium_hot70,locality,sm,"Localidade moderada (70% hot) | Pequeno (2k refs, 200 pags, WS=20%)",LRU,128,0.06211575000112164,0.0049415926891543316,101088.43168793747,0.03367117045215014
locality_sm_medium_hot70,locality,sm,"Localidade moderada (70% hot) | Pequeno (2k refs, 200 pags, WS=20%)",Otimo,2,0.109958974552774,0.0023852815916055037,85504.7622507748,0.01713950932162888
locality_sm_medium_hot70,locality,sm,"Localidade moderada (70% hot) | Pequeno (2k refs, 200 pags, WS=20%)",Otimo,4,0.13329686055522713,0.000886897864981882,97024.92235891201,0.008080784422028996
locality_sm_medium_hot70,locality,sm,"Localidade moderada (70% hot) | Pequeno (2k refs, 200 pags, WS=20%)",Otimo,8,0.1826567920755473,0.005652428205332937,150017.2638215044,0.037686958281575304
locality_sm_medium_hot70,locality,sm,"Localidade moderada (70% hot) | Pequeno (2k refs, 200 pags, WS=20%)",Otimo,16,0.2719752663674237,0.01602866145197282,209537.88542339462,0.11253370371723447
locality_sm_medium_hot70,locality,sm,"Localidade moderada (70% hot) | Pequeno (2k refs, 200 pags, WS=20%)",Otimo,32,0.46917236973078175,0.004271578615150911,370307.25219714333,0.03715345440522155
locality_sm_medium_hot70,locality,sm,"Localidade moderada (70% hot) | Pequeno (2k refs, 200 pags, WS=20%)",Otimo,64,0.8132246639744926,0.02933498664987723,297765.6304751535,0.2100319714665214
locality_sm_medium_hot70,locality,sm,"Localidade moderada (70% hot) | Pequeno (2k refs, 200 pags, WS=20%)",Otimo,128,1.070719168360587,0.008440053803355966,1155431.426673965,0.06454919859033437
locality_sm_medium_hot70,locality,sm,"Localidade moderada (70% hot) | Pequeno (2k refs, 200 pags, WS=20%)",Random,2,0.07905130560929785,0.0011005844938414694,81208.54940619692,0.008130375053101975
locality_sm_medium_hot70,locality,sm,"Localidade moderada (70% hot) | Pequeno (2k refs, 200 pags, WS=20%)",Random,4,0.08392961869459326,0.0006872429703574567,79464.58360745748,0.008794976086373606
locality_sm_medium_hot70,locality,sm,"Localidade moderada (70% hot) | Pequeno (2k refs, 200 pags, WS=20%)",Random,8,0.08056578204292451,0.0010585471122124752,76280.56050162975,0.011151349116136605
locality_sm_medium_hot70,locality,sm,"Localidade moderada (70% hot) | Pequeno (2k refs, 200 pags, WS=20%)",Random,16,0.07088912666152015,0.0014826038455792708,71024.49317892132,0.011649530599673715
locality_sm_medium_hot70,locality,sm,"Localidade moderada (70% hot) | Pequeno (2k refs, 200 pags, WS=20%)",Random,32,0.060969330582704914,0.0011230383982872166,61112.42378177779,0.011288929064029724
locality_sm_medium_hot70,locality,sm,"Localidade moderada (70% hot) | Pequeno (2k refs, 200 pags, WS=20%)",Random,64,0.046554614582376946,0.0004007879529289543,45192.322984405095,0.0028985225918922016
locality_sm_medium_hot70,locality,sm,"Localidade moderada (70% hot) | Pequeno (2k refs, 200 pags, WS=20%)",Random,128,0.027690055892002196,0.0004243886007975927,28896.191976402915,0.002694663322712733
locality_sm_tight_hot90,locality,sm,"Alta localidade (90% hot) | Pequeno, universo restrito (2k refs, 50 pags, WS=20%)",Clock,2,0.042089856522302384,0.0005097150485585556,53592.291811287476,0.0037315990985636142
locality_sm_tight_hot90,locality,sm,"Alta localidade (90% hot) | Pequeno, universo restrito (2k refs, 50 pags, WS=20%)",Clock,4,0.04731578735365169,0.0015707088947457205,43456.32802790313,0.01128030389438657
locality_sm_tight_hot90,locality,sm,"Alta localidade (90% hot) | Pequeno, universo restrito (2k refs, 50 pags, WS=20%)",Clock,8,0.03994433274993411,0.001170897837611396,25552.276416798333,0.007749123711779922
locality_sm_tight_hot90,locality,sm,"Alta localidade (90% hot) | Pequeno, universo restrito (2k refs, 50 pags, WS=20%)",Clock,16,0.026488207075052582,0.0013373022939351296,6664.183547708199,0.00949704522088701
locality_sm_tight_hot90,locality,sm,"Alta localidade (90% hot) | Pequeno, universo restrito (2k refs, 50 pags, WS=20%)",Clock,32,0.02401976900777798,0.0033279551718134663,3976.1666750175673,0.023128952356135345
locality_sm_tight_hot90,locality,sm,"Alta localidade (90% hot) | Pequeno, universo restrito (2k refs, 50 pags, WS=20%)",Clock,64,0.022729278284928118,0.003129616843790845,3032.1575019649063,0.021722504099966167
locality_sm_tight_hot90,locality,sm,"Alta localidade (90% hot) | Pequeno, universo restrito (2k refs, 50 pags, WS=20%)",Clock,128,0.021080011936676645,0.0016303072050148346,3352.1460820296315,0.011605705709084625
locality_sm_tight_hot90,locality,sm,"Alta localidade (90% hot) | Pequeno, universo restrito (2k refs, 50 pags, WS=20%)",FIFO,2,0.008659350500155538,5.756835368840036e-05,24.059523874747562,0.0004666677237228069
locality_sm_tight_hot90,locality,sm,"Alta localidade (90% hot) | Pequeno, universo restrito (2k refs, 50 pags, WS=20%)",FIFO,4,0.006557704834904537,0.00039026570756300693,32.04509193233764,0.0028638791514855213
locality_sm_tight_hot90,locality,sm,"Alta localidade (90% hot) | Pequeno, universo restrito (2k refs, 50 pags, WS=20%)",FIFO,8,0.008472809731410846,6.155652847866563e-05,48.05831029303939,0.000567975328241933
locality_sm_tight_hot90,locality,sm,"Alta localidade (90% hot) | Pequeno, universo restrito (2k refs, 50 pags, WS=20%)",FIFO,16,0.012304062197163599,0.0004895117368253707,80.08483541328032,0.0035075372784229945
locality_sm_tight_hot90,locality,sm,"Alta localidade (90% hot) | Pequeno, universo restrito (2k refs, 50 pags, WS=20%)",FIFO,32,0.012105400833647483,0.0002108571959384143,144.08348572467835,0.0016751342974815862
locality_sm_tight_hot90,locality,sm,"Alta localidade (90% hot) | Pequeno, universo restrito (2k refs, 50 pags, WS=20%)",FIFO,64,0.010797737241774966,0.00037172909746488827,272.07476015286784,0.002599093467548033
locality_sm_tight_hot90,locality,sm,"Alta localidade (90% hot) | Pequeno, universo restrito (2k refs, 50 pags, WS=20%)",FIFO,128,0.011715083769448926,0.00028658754246874775,528.0812243053722,0.001841710491477665
locality_sm_tight_hot90,locality,sm,"Alta localidade (90% hot) | Pequeno, universo restrito (2k refs, 50 pags, WS=20%)",LFU,2,0.1372016361725474,0.0018962703050345233,151472.94936451147,0.013059509706536219
locality_sm_tight_hot90,locality,sm,"Alta localidade (90% hot) | Pequeno, universo restrito (2k refs, 50 pags, WS=20%)",LFU,4,0.14129605468810055,0.008323944339990837,131592.9795620314,0.05868979138613668
locality_sm_tight_hot90,locality,sm,"Alta localidade (90% hot) | Pequeno, universo restrito (2k refs, 50 pags, WS=20%)",LFU,8,0.12029165752511702,0.0012548968035047722,89000.83280230862,0.008833272609589146
locality_sm_tight_hot90,locality,sm,"Alta localidade (90% hot) | Pequeno, universo restrito (2k refs, 50 pags, WS=20%)",LFU,16,0.083443645554452,0.002441246603908592,65262.69324274943,30.04689493776634
locality_sm_tight_hot90,locality,sm,"Alta localidade (90% hot) | Pequeno, universo restrito (2k refs, 50 pags, WS=20%)",LFU,32,0.08486940897874938,0.002569872464713887,61280.589316836114,0.019108574548202653
locality_sm_tight_hot90,locality,sm,"Alta localidade (90% hot) | Pequeno, universo restrito (2k refs, 50 pags, WS=20%)",LFU,64,0.05574738939769215,0.007051686501790214,58928.38727593135,0.04877228512334438
locality_sm_tight_hot90,locality,sm,"Alta localidade (90% hot) | Pequeno, universo restrito (2k refs, 50 pags, WS=20%)",LFU,128,0.05172673704388826,0.0010271479716787216,58928.360183537516,0.007286173007637482
locality_sm_tight_hot90,locality,sm,"Alta localidade (90% hot) | Pequeno, universo restrito (2k refs, 50 pags, WS=20%)",LRU,2,0.06172334212771794,0.0009417716425761435,80208.42918715386,0.008068704083899272
locality_sm_tight_hot90,locality,sm,"Alta localidade (90% hot) | Pequeno, universo restrito (2k refs, 50 pags, WS=20%)",LRU,4,0.06843457612532912,0.0015118505366849846,80208.47543346311,0.012813661215388879
locality_sm_tight_hot90,locality,sm,"Alta localidade (90% hot) | Pequeno, universo restrito (2k refs, 50 pags, WS=20%)",LRU,8,0.06511743429826346,0.0007731424608756149,80208.45282118238,0.007106658511930702
locality_sm_tight_hot90,locality,sm,"Alta localidade (90% hot) | Pequeno, universo restrito (2k refs, 50 pags, WS=20%)",LRU,16,0.0659406948819986,0.004148735270790534,85248.45873279327,0.029316093702377588
locality_sm_tight_hot90,locality,sm,"Alta localidade (90% hot) | Pequeno, universo restrito (2k refs, 50 pags, WS=20%)",LRU,32,0.059000772841915315,0.0008811206231285279,82544.41028376299,0.00702234745717298
locality_sm_tight_hot90,locality,sm,"Alta localidade (90% hot) | Pequeno, universo restrito (2k refs, 50 pags, WS=20%)",LRU,64,0.05565139660581209,0.0008980620369068753,81128.38699244543,0.007625947967264015
locality_sm_tight_hot90,locality,sm,"Alta localidade (90% hot) | Pequeno, universo restrito (2k refs, 50 pags, WS=20%)",LRU,128,0.054788575023886565,0.0008848310778797836,81128.38099225244,0.006659292656798372
locality_sm_tight_hot90,locality,sm,"Alta localidade (90% hot) | Pequeno, universo restrito (2k refs, 50 pags, WS=20%)",Otimo,2,0.09534880858303475,0.0029787370789347775,58960.6623927551,0.022070486949764257
locality_sm_tight_hot90,locality,sm,"Alta localidade (90% hot) | Pequeno, universo restrito (2k refs, 50 pags, WS=20%)",Otimo,4,0.11581561950571866,0.002901075102684537,58192.80291285996,0.020396069308857373
locality_sm_tight_hot90,locality,sm,"Alta localidade (90% hot) | Pequeno, universo restrito (2k refs, 50 pags, WS=20%)",Otimo,8,0.15350422226683202,0.002456760052783184,56401.06313856002,0.017291545773202768
locality_sm_tight_hot90,locality,sm,"Alta localidade (90% hot) | Pequeno, universo restrito (2k refs, 50 pags, WS=20%)",Otimo,16,0.24396829920575605,0.008223330745272005,54177.688824685036,0.0557322013817924
locality_sm_tight_hot90,locality,sm,"Alta localidade (90% hot) | Pequeno, universo restrito (2k refs, 50 pags, WS=20%)",Otimo,32,0.32830142360153636,0.0013886423959499291,41522.27364905951,0.010738547900791196
locality_sm_tight_hot90,locality,sm,"Alta localidade (90% hot) | Pequeno, universo restrito (2k refs, 50 pags, WS=20%)",Otimo,64,0.01074827695906776,8.095394795169033e-05,2768.074521457424,0.0006421040225779532
locality_sm_tight_hot90,locality,sm,"Alta localidade (90% hot) | Pequeno, universo restrito (2k refs, 50 pags, WS=20%)",Otimo,128,0.011238835896039464,0.0012699526611655335,2768.0778834976068,0.008823425930487233
locality_sm_tight_hot90,locality,sm,"Alta localidade (90% hot) | Pequeno, universo restrito (2k refs, 50 pags, WS=20%)",Random,2,0.058935313121386904,0.0012897788084312,54040.40962418421,0.00949195528033593
locality_sm_tight_hot90,locality,sm,"Alta localidade (90% hot) | Pequeno, universo restrito (2k refs, 50 pags, WS=20%)",Random,4,0.05409178708355054,0.0006860640929527666,44632.37613246249,0.006192865862436724
locality_sm_tight_hot90,locality,sm,"Alta localidade (90% hot) | Pequeno, universo restrito (2k refs, 50 pags, WS=20%)",Random,8,0.038981170747286666,0.0006133734089703911,26808.270515700406,0.004513429515788412
locality_sm_tight_hot90,locality,sm,"Alta localidade (90% hot) | Pequeno, universo restrito (2k refs, 50 pags, WS=20%)",Random,16,0.024447528864018263,0.00029206757708192974,11360.169185388104,0.002204593678134115
locality_sm_tight_hot90,locality,sm,"Alta localidade (90% hot) | Pequeno, universo restrito (2k refs, 50 pags, WS=20%)",Random,32,0.014007122761176511,0.00014377332695271713,5192.0971124525995,0.0009344134136439223
locality_sm_tight_hot90,locality,sm,"Alta localidade (90% hot) | Pequeno, universo restrito (2k refs, 50 pags, WS=20%)",Random,64,0.010933968924452555,0.00010482634090683868,3376.0757662010874,0.0008875944117174262
locality_sm_tight_hot90,locality,sm,"Alta localidade (90% hot) | Pequeno, universo restrito (2k refs, 50 pags, WS=20%)",Random,128,0.010934963928941803,8.17451747812354e-05,3376.075670067563,0.000667016990735102
phases_lg_huge_p8,phases,lg,"Fases de acesso | Grande, 8 fases, universo enorme (100k refs, 2000 pags)",Clock,2,2.806669764256658,0.12185658603233626,7654755.450450795,0.8112438837054968
phases_lg_huge_p8,phases,lg,"Fases de acesso | Grande, 8 fases, universo enorme (100k refs, 2000 pags)",Clock,4,3.405597054564948,0.05816941295995551,7616823.526622161,0.40916314633655515
phases_lg_huge_p8,phases,lg,"Fases de acesso | Grande, 8 fases, universo enorme (100k refs, 2000 pags)",Clock,8,4.534010287267595,0.01865934855561288,7541559.334650554,0.23242509412667556
phases_lg_huge_p8,phases,lg,"Fases de acesso | Grande, 8 fases, universo enorme (100k refs, 2000 pags)",Clock,16,4.732077195333149,0.12825666665778304,7389524.719705847,30.96369679857118
phases_lg_huge_p8,phases,lg,"Fases de acesso | Grande, 8 fases, universo enorme (100k refs, 2000 pags)",Clock,32,4.381982357934972,0.037828795041812996,7093926.349643643,0.28599563790424765
phases_lg_huge_p8,phases,lg,"Fases de acesso | Grande, 8 fases, universo enorme (100k refs, 2000 pags)",Clock,64,3.9663703986170744,0.08299662586558477,6491903.406305801,31.299829007233857
phases_lg_huge_p8,phases,lg,"Fases de acesso | Grande, 8 fases, universo enorme (100k refs, 2000 pags)",Clock,128,2.9595013979733142,0.09343885782344236,5294552.5066945795,31.221011043308653
phases_lg_huge_p8,phases,lg,"Fases de acesso | Grande, 8 fases, universo enorme (100k refs, 2000 pags)",FIFO,2,0.3669954543224763,0.0019410490968070862,26.52101937221878,0.011256856493971712
phases_lg_huge_p8,phases,lg,"Fases de acesso | Grande, 8 fases, universo enorme (100k refs, 2000 pags)",FIFO,4,0.370310503369199,0.0030696168076276473,34.54382116682453,0.018888320358167537
phases_lg_huge_p8,phases,lg,"Fases de acesso | Grande, 8 fases, universo enorme (100k refs, 2000 pags)",FIFO,8,0.432974523412165,0.002745431831674565,50.97554414430096,0.018929682492727945
phases_lg_huge_p8,phases,lg,"Fases de acesso | Grande, 8 fases, universo enorme (100k refs, 2000 pags)",FIFO,16,0.6863871759740113,0.007487352601238943,84.70476231040725,0.05569199203771499
phases_lg_huge_p8,phases,lg,"Fases de acesso | Grande, 8 fases, universo enorme (100k refs, 2000 pags)",FIFO,32,1.1167057209361313,0.015625875298473063,151.665744594171,0.09938652632626513
phases_lg_huge_p8,phases,lg,"Fases de acesso | Grande, 8 fases, universo enorme (100k refs, 2000 pags)",FIFO,64,1.9436686594299792,0.0251696689980729,285.36047561328263,0.15767905888269032
phases_lg_huge_p8,phases,lg,"Fases de acesso | Grande, 8 fases, universo enorme (100k refs, 2000 pags)",FIFO,128,2.931584829543958,0.1145459995296725,548.1500724572954,0.8483858417924034
phases_lg_huge_p8,phases,lg,"Fases de acesso | Grande, 8 fases, universo enorme (100k refs, 2000 pags)",LFU,2,8.170708787159686,0.19919661454986268,19329232.4306237,1.4338725007706297
phases_lg_huge_p8,phases,lg,"Fases de acesso | Grande, 8 fases, universo enorme (100k refs, 2000 pags)",LFU,4,10.417507447677936,0.29508258106983193,22496879.988838665,2.0335679535984608
phases_lg_huge_p8,phases,lg,"Fases de acesso | Grande, 8 fases, universo enorme (100k refs, 2000 pags)",LFU,8,15.085543237184762,0.3996266363761605,25646671.344318487,3.1321317080383313
phases_lg_huge_p8,phases,lg,"Fases de acesso | Grande, 8 fases, universo enorme (100k refs, 2000 pags)",LFU,16,24.81113752336237,0.6607874728083449,31890649.56655053,5.704525876187595
phases_lg_huge_p8,phases,lg,"Fases de acesso | Grande, 8 fases, universo enorme (100k refs, 2000 pags)",LFU,32,40.920882504,0.31966786396801844,45822468.992,0.9993212886432448
phases_lg_huge_p8,phases,lg,"Fases de acesso | Grande, 8 fases, universo enorme (100k refs, 2000 pags)",LFU,64,78.60733027692308,0.708840976113237,68391155.6923077,0.0
phases_lg_huge_p8,phases,lg,"Fases de acesso | Grande, 8 fases, universo enorme (100k refs, 2000 pags)",LFU,128,151.22467134285714,3.6001748461771963,120059260.8,3.338498102185537
phases_lg_huge_p8,phases,lg,"Fases de acesso | Grande, 8 fases, universo enorme (100k refs, 2000 pags)",LRU,2,3.3805365170880926,0.085168380062659,7006047.384916991,0.5485597872322523
phases_lg_huge_p8,phases,lg,"Fases de acesso | Grande, 8 fases, universo enorme (100k refs, 2000 pags)",LRU,4,3.1600710688188314,0.08479843221126505,7018061.868045005,0.6090155166349311
phases_lg_huge_p8,phases,lg,"Fases de acesso | Grande, 8 fases, universo enorme (100k refs, 2000 pags)",LRU,8,4.234924057295549,0.03523454778381445,7042149.282070296,0.20548182382195151
phases_lg_huge_p8,phases,lg,"Fases de acesso | Grande, 8 fases, universo enorme (100k refs, 2000 pags)",LRU,16,4.009097188311581,0.0317417225569351,7090971.736653748,0.2570153720701721
phases_lg_huge_p8,phases,lg,"Fases de acesso | Grande, 8 fases, universo enorme (100k refs, 2000 pags)",LRU,32,4.02174398884477,0.11658587716965073,7185791.838397642,18.282386893302
phases_lg_huge_p8,phases,lg,"Fases de acesso | Grande, 8 fases, universo enorme (100k refs, 2000 pags)",LRU,64,3.9539129262174897,0.04594885383375805,7377903.392322254,18.86358493523937
phases_lg_huge_p8,phases,lg,"Fases de acesso | Grande, 8 fases, universo enorme (100k refs, 2000 pags)",LRU,128,3.623237438376223,0.12345621627274027,7760657.060636632,0.8499592165393764
phases_lg_huge_p8,phases,lg,"Fases de acesso | Grande, 8 fases, universo enorme (100k refs, 2000 pags)",Otimo,2,5.159953207086109,1.4200519058656758,9123939.68177221,2362673.0749557666
phases_lg_huge_p8,phases,lg,"Fases de acesso | Grande, 8 fases, universo enorme (100k refs, 2000 pags)",Otimo,4,7.209447332157721,0.36143071364597995,13466065.680849534,2.5485367183256926
phases_lg_huge_p8,phases,lg,"Fases de acesso | Grande, 8 fases, universo enorme (100k refs, 2000 pags)",Otimo,8,10.370202218873041,1.0242647278789596,19029863.489364695,7.265539643960385
phases_lg_huge_p8,phases,lg,"Fases de acesso | Grande, 8 fases, universo enorme (100k refs, 2000 pags)",Otimo,16,15.248201601859236,0.12144961650220885,27889024.879028637,1.5274199414609735
phases_lg_huge_p8,phases,lg,"Fases de acesso | Grande, 8 fases, universo enorme (100k refs, 2000 pags)",Otimo,32,24.29832127753829,0.4559363138472057,46794070.424330816,4.0059163101931246
phases_lg_huge_p8,phases,lg,"Fases de acesso | Grande, 8 fases, universo enorme (100k refs, 2000 pags)",Otimo,64,46.20747830909091,0.522419794212402,83298250.47272727,0.9272072885291903
phases_lg_huge_p8,phases,lg,"Fases de acesso | Grande, 8 fases, universo enorme (100k refs, 2000 pags)",Otimo,128,80.6313155076923,0.6407504233093791,173592100.92307693,2.631494288389598
phases_lg_huge_p8,phases,lg,"Fases de acesso | Grande, 8 fases, universo enorme (100k refs, 2000 pags)",Random,2,4.132523683982564,0.04815556204619403,9127316.596920038,0.33630061620236323
phases_lg_huge_p8,phases,lg,"Fases de acesso | Grande, 8 fases, universo enorme (100k refs, 2000 pags)",Random,4,4.214417172187406,0.3352695969876173,9066285.146475736,66.04584225345283
phases_lg_huge_p8,phases,lg,"Fases de acesso | Grande, 8 fases, universo enorme (100k refs, 2000 pags)",Random,8,4.436988674995609,0.049176436309411924,8939206.671141744,0.4602211510313669
phases_lg_huge_p8,phases,lg,"Fases de acesso | Grande, 8 fases, universo enorme (100k refs, 2000 pags)",Random,16,4.615371061151281,0.38655873051529843,8701223.952900562,66.341700712946
phases_lg_huge_p8,phases,lg,"Fases de acesso | Grande, 8 fases, universo enorme (100k refs, 2000 pags)",Random,32,4.342995727156156,0.03840776107835891,8200886.072839888,0.28861497923987106
phases_lg_huge_p8,phases,lg,"Fases de acesso | Grande, 8 fases, universo enorme (100k refs, 2000 pags)",Random,64,3.5496749432322323,0.031236346253001684,7219184.576052177,0.2283064852205554
phases_lg_huge_p8,phases,lg,"Fases de acesso | Grande, 8 fases, universo enorme (100k refs, 2000 pags)",Random,128,2.741892855958118,0.0804944292705946,5300914.996068073,0.5422219131563133
phases_lg_medium_p4,phases,lg,"Fases de acesso | Grande, 4 fases (100k refs, 200 pags)",Clock,2,2.773593253530156,0.22960246359354694,4772647.203238442,30.250520658275335
phases_lg_medium_p4,phases,lg,"Fases de acesso | Grande, 4 fases (100k refs, 200 pags)",Clock,4,3.8058115984147363,0.031993853405193694,4616866.292990854,0.2836625356628252
phases_lg_medium_p4,phases,lg,"Fases de acesso | Grande, 4 fases (100k refs, 200 pags)",Clock,8,4.022790493009939,0.0715699388810836,4313595.855295344,0.45201706338523395
phases_lg_medium_p4,phases,lg,"Fases de acesso | Grande, 4 fases (100k refs, 200 pags)",Clock,16,3.820235414016809,0.04704316920958659,3713490.4488932327,0.39200171418348606
phases_lg_medium_p4,phases,lg,"Fases de acesso | Grande, 4 fases (100k refs, 200 pags)",Clock,32,2.6549932446864837,0.08071869993631614,2503490.397642528,0.5645191097202165
phases_lg_medium_p4,phases,lg,"Fases de acesso | Grande, 4 fases (100k refs, 200 pags)",Clock,64,1.3234279636758708,0.03524628514938224,1156545.172158481,0.26415281729955975
phases_lg_medium_p4,phases,lg,"Fases de acesso | Grande, 4 fases (100k refs, 200 pags)",Clock,128,1.0675305198273954,0.04626744331332187,1157647.3954897984,0.3153602838426132
phases_lg_medium_p4,phases,lg,"Fases de acesso | Grande, 4 fases (100k refs, 200 pags)",FIFO,2,0.38516196555052956,0.0042004050320086864,26.645832530177604,0.02706553652943794
phases_lg_medium_p4,phases,lg,"Fases de acesso | Grande, 4 fases (100k refs, 200 pags)",FIFO,4,0.40051161728018325,0.009875251162800542,34.747565784869195,0.06703148529526616
phases_lg_medium_p4,phases,lg,"Fases de acesso | Grande, 4 fases (100k refs, 200 pags)",FIFO,8,0.5016169062064135,0.0054443095161236564,51.44389472572284,0.04839922445439861
phases_lg_medium_p4,phases,lg,"Fases de acesso | Grande, 4 fases (100k refs, 200 pags)",FIFO,16,0.8222186438142034,0.02159778229830346,85.65552635817559,0.13985025360875136
phases_lg_medium_p4,phases,lg,"Fases de acesso | Grande, 4 fases (100k refs, 200 pags)",FIFO,32,1.3464739702394357,0.188447076642778,153.24121162416935,1.2809510671308457
phases_lg_medium_p4,phases,lg,"Fases de acesso | Grande, 4 fases (100k refs, 200 pags)",FIFO,64,1.6680943377568334,0.01919100290892567,283.4713774399097,0.13294704753911457
phases_lg_medium_p4,phases,lg,"Fases de acesso | Grande, 4 fases (100k refs, 200 pags)",FIFO,128,2.298531812747947,0.03674528104375971,543.7887690838609,0.27334588379643937
phases_lg_medium_p4,phases,lg,"Fases de acesso | Grande, 4 fases (100k refs, 200 pags)",LFU,2,7.8177557770725965,0.08375406933860499,12065061.992669277,0.827955179128625
phases_lg_medium_p4,phases,lg,"Fases de acesso | Grande, 4 fases (100k refs, 200 pags)",LFU,4,9.705584471198085,0.4823894343648661,12010010.901303038,3.1791221919006305
phases_lg_medium_p4,phases,lg,"Fases de acesso | Grande, 4 fases (100k refs, 200 pags)",LFU,8,17.93353295040727,0.18060777298657926,14924666.846115287,1.7537811318540553
phases_lg_medium_p4,phases,lg,"Fases de acesso | Grande, 4 fases (100k refs, 200 pags)",LFU,16,19.92978943701961,0.339332123748797,11699280.739137257,1.9867608887118824
phases_lg_medium_p4,phases,lg,"Fases de acesso | Grande, 4 fases (100k refs, 200 pags)",LFU,32,35.8651382226601,0.592904328787991,11285939.164532017,7.032362788370898
phases_lg_medium_p4,phases,lg,"Fases de acesso | Grande, 4 fases (100k refs, 200 pags)",LFU,64,55.494234969590636,0.7510447854931774,10490804.734502923,15.874709666296893
phases_lg_medium_p4,phases,lg,"Fases de acesso | Grande, 4 fases (100k refs, 200 pags)",LFU,128,68.74711835384616,14.615443177947725,14401430.197285065,99.58459028274576
phases_lg_medium_p4,phases,lg,"Fases de acesso | Grande, 4 fases (100k refs, 200 pags)",LRU,2,3.114746425074287,0.029142955491708537,5171061.599389626,0.1870577080174366
phases_lg_medium_p4,phases,lg,"Fases de acesso | Grande, 4 fases (100k refs, 200 pags)",LRU,4,3.509778038584372,0.08413718367841867,5194456.2858645255,0.6171894600093204
phases_lg_medium_p4,phases,lg,"Fases de acesso | Grande, 4 fases (100k refs, 200 pags)",LRU,8,4.194117940436828,0.08747635837949273,5240497.004561599,19.58036273637832
phases_lg_medium_p4,phases,lg,"Fases de acesso | Grande, 4 fases (100k refs, 200 pags)",LRU,16,4.038200675803912,0.1429940811847003,5331355.966681327,0.981655452258673
phases_lg_medium_p4,phases,lg,"Fases de acesso | Grande, 4 fases (100k refs, 200 pags)",LRU,32,3.2659501941459617,0.0258201682459358,5516358.599936904,0.2203220784321254
phases_lg_medium_p4,phases,lg,"Fases de acesso | Grande, 4 fases (100k refs, 200 pags)",LRU,64,3.124024894959344,0.016592863351607628,5726997.626160887,0.14314351063573563
phases_lg_medium_p4,phases,lg,"Fases de acesso | Grande, 4 fases (100k refs, 200 pags)",LRU,128,3.1408138200823132,0.03482959788373762,5725989.732455817,0.23276314220878222
phases_lg_medium_p4,phases,lg,"Fases de acesso | Grande, 4 fases (100k refs, 200 pags)",Otimo,2,5.206860741753436,0.9728265503915265,5281116.070473008,845310.3587822852
phases_lg_medium_p4,phases,lg,"Fases de acesso | Grande, 4 fases (100k refs, 200 pags)",Otimo,4,6.696033052854875,0.06705482042756755,6581502.271520972,0.5226367194388336
phases_lg_medium_p4,phases,lg,"Fases de acesso | Grande, 4 fases (100k refs, 200 pags)",Otimo,8,6.674377256327444,2.4973776749330545,5684302.0887966,1888005.8502747992
phases_lg_medium_p4,phases,lg,"Fases de acesso | Grande, 4 fases (100k refs, 200 pags)",Otimo,16,7.285044488365993,0.04174169545202243,4187138.2401536717,0.39130312256113486
phases_lg_medium_p4,phases,lg,"Fases de acesso | Grande, 4 fases (100k refs, 200 pags)",Otimo,32,9.399741069366891,0.10779251733270648,3470608.8421899593,0.8833053782807224
phases_lg_medium_p4,phases,lg,"Fases de acesso | Grande, 4 fases (100k refs, 200 pags)",Otimo,64,9.040555055810533,0.5402813376634366,2683390.300905954,3.613235892110946
phases_lg_medium_p4,phases,lg,"Fases de acesso | Grande, 4 fases (100k refs, 200 pags)",Otimo,128,0.692290975680941,0.008306797454791154,629188.795661586,0.06832657568714601
phases_lg_medium_p4,phases,lg,"Fases de acesso | Grande, 4 fases (100k refs, 200 pags)",Random,2,3.9398646557146515,0.17589336057714236,5298243.243000797,1.220016582913671
phases_lg_medium_p4,phases,lg,"Fases de acesso | Grande, 4 fases (100k refs, 200 pags)",Random,4,3.4248506064372535,0.042887278404046,5109167.730577832,0.3044583514302727
phases_lg_medium_p4,phases,lg,"Fases de acesso | Grande, 4 fases (100k refs, 200 pags)",Random,8,4.366570474053374,0.09652968300752798,4707910.179560179,0.6963505625256885
phases_lg_medium_p4,phases,lg,"Fases de acesso | Grande, 4 fases (100k refs, 200 pags)",Random,16,3.3526321942615356,0.04882353444859554,3923559.217102843,0.3425108314306318
phases_lg_medium_p4,phases,lg,"Fases de acesso | Grande, 4 fases (100k refs, 200 pags)",Random,32,1.9966036653401755,0.020026956002558674,2357173.831541821,0.17016533679282025
phases_lg_medium_p4,phases,lg,"Fases de acesso | Grande, 4 fases (100k refs, 200 pags)",Random,64,0.6359560240601593,0.07426868277892774,594172.4034122498,0.518297403180479
phases_lg_medium_p4,phases,lg,"Fases de acesso | Grande, 4 fases (100k refs, 200 pags)",Random,128,0.6569899790293302,0.006962850454368618,588868.5533207617,0.050579391015556016
phases_lg_wide_p8,phases,lg,"Fases de acesso | Grande, 8 fases, universo amplo (100k refs, 500 pags)",Clock,2,2.7861955897122384,0.2547349698359199,6624951.275137199,30.091587436087906
phases_lg_wide_p8,phases,lg,"Fases de acesso | Grande, 8 fases, universo amplo (100k refs, 500 pags)",Clock,4,3.2976905687446467,0.049300620087019124,6484310.827507878,0.34950511240966947
phases_lg_wide_p8,phases,lg,"Fases de acesso | Grande, 8 fases, universo amplo (100k refs, 500 pags)",Clock,8,4.108471730191115,0.019316841970823652,6199820.354585795,0.22318403171683676
phases_lg_wide_p8,phases,lg,"Fases de acesso | Grande, 8 fases, universo amplo (100k refs, 500 pags)",Clock,16,3.7736905891814425,0.019624692593973952,5636098.191040787,0.22327133749358158
phases_lg_wide_p8,phases,lg,"Fases de acesso | Grande, 8 fases, universo amplo (100k refs, 500 pags)",Clock,32,2.6965562091259656,0.03802823156474168,4508426.6364176385,0.26352397757782425
phases_lg_wide_p8,phases,lg,"Fases de acesso | Grande, 8 fases, universo amplo (100k refs, 500 pags)",Clock,64,1.58666385228611,0.01970895393738787,2397922.9819263006,0.1655675091796819
phases_lg_wide_p8,phases,lg,"Fases de acesso | Grande, 8 fases, universo amplo (100k refs, 500 pags)",Clock,128,1.3755544188690476,0.48855820775407316,2398257.5164251616,3.370031787453336
phases_lg_wide_p8,phases,lg,"Fases de acesso | Grande, 8 fases, universo amplo (100k refs, 500 pags)",FIFO,2,0.382615583340917,0.005933642725525377,26.629684254873062,0.040691837426137197
phases_lg_wide_p8,phases,lg,"Fases de acesso | Grande, 8 fases, universo amplo (100k refs, 500 pags)",FIFO,4,0.3997252862952177,0.023638987642898967,34.7407595782083,0.1612038353651353
phases_lg_wide_p8,phases,lg,"Fases de acesso | Grande, 8 fases, universo amplo (100k refs, 500 pags)",FIFO,8,0.4768445140961378,0.008417455611667459,51.27579508127975,0.06724787105926582
phases_lg_wide_p8,phases,lg,"Fases de acesso | Grande, 8 fases, universo amplo (100k refs, 500 pags)",FIFO,16,0.786747407438798,0.010866509788661225,85.40580378891124,0.06957689435211133
phases_lg_wide_p8,phases,lg,"Fases de acesso | Grande, 8 fases, universo amplo (100k refs, 500 pags)",FIFO,32,1.232032595958593,0.02512778552618613,152.45639918510062,0.18602853002900463
phases_lg_wide_p8,phases,lg,"Fases de acesso | Grande, 8 fases, universo amplo (100k refs, 500 pags)",FIFO,64,1.6783859023225471,0.032794146447031707,283.5256847512158,0.22820987173478074
phases_lg_wide_p8,phases,lg,"Fases de acesso | Grande, 8 fases, universo amplo (100k refs, 500 pags)",FIFO,128,2.4943527638458822,0.011804549574519888,545.1355491205446,0.07833313673208467
phases_lg_wide_p8,phases,lg,"Fases de acesso | Grande, 8 fases, universo amplo (100k refs, 500 pags)",LFU,2,7.838797301878043,0.057657316415991505,15774494.151127692,0.44498988351651275
phases_lg_wide_p8,phases,lg,"Fases de acesso | Grande, 8 fases, universo amplo (100k refs, 500 pags)",LFU,4,10.368853037173233,0.11297521265553917,15751391.425710082,0.8186686990068665
phases_lg_wide_p8,phases,lg,"Fases de acesso | Grande, 8 fases, universo amplo (100k refs, 500 pags)",LFU,8,14.071648859473612,1.7343933495394208,15706108.972305307,43.709533199231636
phases_lg_wide_p8,phases,lg,"Fases de acesso | Grande, 8 fases, universo amplo (100k refs, 500 pags)",LFU,16,19.93202244417798,0.3565676272649405,15612080.417013576,2.858921715552359
phases_lg_wide_p8,phases,lg,"Fases de acesso | Grande, 8 fases, universo amplo (100k refs, 500 pags)",LFU,32,41.9854836095,0.5059039957838868,15425967.514666667,5.946719978444033
phases_lg_wide_p8,phases,lg,"Fases de acesso | Grande, 8 fases, universo amplo (100k refs, 500 pags)",LFU,64,77.01024156703296,2.0236650095302995,16439649.652747253,2189984.62152315
phases_lg_wide_p8,phases,lg,"Fases de acesso | Grande, 8 fases, universo amplo (100k refs, 500 pags)",LFU,128,111.87428049888888,2.115132598583865,17824521.955555554,59.836018535999315
phases_lg_wide_p8,phases,lg,"Fases de acesso | Grande, 8 fases, universo amplo (100k refs, 500 pags)",LRU,2,3.0635641484116007,0.01829029682368888,6413285.242136767,0.09509355089598376
phases_lg_wide_p8,phases,lg,"Fases de acesso | Grande, 8 fases, universo amplo (100k refs, 500 pags)",LRU,4,3.5365945905677805,0.11358873853684189,6451292.4609422535,18.372544965957065
phases_lg_wide_p8,phases,lg,"Fases de acesso | Grande, 8 fases, universo amplo (100k refs, 500 pags)",LRU,8,4.140573975096801,0.02109159580472438,6527812.654676054,0.20597561150341218
phases_lg_wide_p8,phases,lg,"Fases de acesso | Grande, 8 fases, universo amplo (100k refs, 500 pags)",LRU,16,3.7148159143304396,0.1758976353857489,6681701.74142935,33.08903246776298
phases_lg_wide_p8,phases,lg,"Fases de acesso | Grande, 8 fases, universo amplo (100k refs, 500 pags)",LRU,32,3.122610183173337,0.026933749386580497,6987117.6433715075,0.24679152803479895
phases_lg_wide_p8,phases,lg,"Fases de acesso | Grande, 8 fases, universo amplo (100k refs, 500 pags)",LRU,64,3.0157308681486255,0.4556260556250278,7572652.903071257,3.203580884384225
phases_lg_wide_p8,phases,lg,"Fases de acesso | Grande, 8 fases, universo amplo (100k refs, 500 pags)",LRU,128,3.330178101630474,0.11898807131430045,7571647.041788693,0.8272260543929923
phases_lg_wide_p8,phases,lg,"Fases de acesso | Grande, 8 fases, universo amplo (100k refs, 500 pags)",Otimo,2,6.107179796742776,0.19040997195063963,8857818.136786018,1.2856901670855054
phases_lg_wide_p8,phases,lg,"Fases de acesso | Grande, 8 fases, universo amplo (100k refs, 500 pags)",Otimo,4,6.847210764546088,0.3998963739474022,10757711.260090515,2.88963904355456
phases_lg_wide_p8,phases,lg,"Fases de acesso | Grande, 8 fases, universo amplo (100k refs, 500 pags)",Otimo,8,4.917658679678782,0.059265880342387826,6309026.009970262,0.4543046204933152
phases_lg_wide_p8,phases,lg,"Fases de acesso | Grande, 8 fases, universo amplo (100k refs, 500 pags)",Otimo,16,8.010259785002049,0.06060305865063408,6156535.24896508,0.5635981393144419
phases_lg_wide_p8,phases,lg,"Fases de acesso | Grande, 8 fases, universo amplo (100k refs, 500 pags)",Otimo,32,22.507180659457614,0.3333425704636856,23960857.49466842,3.037356021465384
phases_lg_wide_p8,phases,lg,"Fases de acesso | Grande, 8 fases, universo amplo (100k refs, 500 pags)",Otimo,64,29.76604300344538,0.40259068975886586,35164171.08974789,3.059748042634105
phases_lg_wide_p8,phases,lg,"Fases de acesso | Grande, 8 fases, universo amplo (100k refs, 500 pags)",Otimo,128,34.73911003321839,0.7514143579226644,67577948.40275863,6.304743661963065
phases_lg_wide_p8,phases,lg,"Fases de acesso | Grande, 8 fases, universo amplo (100k refs, 500 pags)",Random,2,3.9091422110742426,0.04059413025187381,7735235.069410277,0.28665381937236867
phases_lg_wide_p8,phases,lg,"Fases de acesso | Grande, 8 fases, universo amplo (100k refs, 500 pags)",Random,4,3.8184968702815665,0.17241693450005588,7513890.440221412,1.1082767868743604
phases_lg_wide_p8,phases,lg,"Fases de acesso | Grande, 8 fases, universo amplo (100k refs, 500 pags)",Random,8,4.260883528622835,0.4587580165420575,7091453.481690233,66.92802719089059
phases_lg_wide_p8,phases,lg,"Fases de acesso | Grande, 8 fases, universo amplo (100k refs, 500 pags)",Random,16,3.5050852268612736,0.028034372221210746,6211144.263924894,0.25013956112588737
phases_lg_wide_p8,phases,lg,"Fases de acesso | Grande, 8 fases, universo amplo (100k refs, 500 pags)",Random,32,2.5356562186030978,0.0193537463407213,4480953.56008055,0.0863451818006586
phases_lg_wide_p8,phases,lg,"Fases de acesso | Grande, 8 fases, universo amplo (100k refs, 500 pags)",Random,64,0.7441369392454392,0.17867868095771094,1286509.1518849658,1.2327656805727294
phases_lg_wide_p8,phases,lg,"Fases de acesso | Grande, 8 fases, universo amplo (100k refs, 500 pags)",Random,128,0.6692703398767871,0.005533461172027797,1233348.6406602452,0.0462847682059196
phases_md_huge_p4,phases,md,"Fases de acesso | Medio, 4 fases, universo enorme (10k refs, 2000 pags)",Clock,2,0.26212488976040155,0.01763319074313616,766441.8147685303,0.11789233525063748
phases_md_huge_p4,phases,md,"Fases de acesso | Medio, 4 fases, universo enorme (10k refs, 2000 pags)",Clock,4,0.32385166050872843,0.0019336750802308321,764546.2460758957,0.012802895657327605
phases_md_huge_p4,phases,md,"Fases de acesso | Medio, 4 fases, universo enorme (10k refs, 2000 pags)",Clock,8,0.4130059555774177,0.011422246727450088,761346.8600615452,0.08571964956816704
phases_md_huge_p4,phases,md,"Fases de acesso | Medio, 4 fases, universo enorme (10k refs, 2000 pags)",Clock,16,0.42990591039142945,0.01099875737011942,753594.9770718777,0.07457047678383551
phases_md_huge_p4,phases,md,"Fases de acesso | Medio, 4 fases, universo enorme (10k refs, 2000 pags)",Clock,32,0.4224694523608973,0.0045313163625022475,737226.9269175439,0.03436738583581814
phases_md_huge_p4,phases,md,"Fases de acesso | Medio, 4 fases, universo enorme (10k refs, 2000 pags)",Clock,64,0.39660049552630144,0.0023130339274571154,708970.7490529603,0.017465028645498936
phases_md_huge_p4,phases,md,"Fases de acesso | Medio, 4 fases, universo enorme (10k refs, 2000 pags)",Clock,128,0.37722135316870514,0.014543239021832164,652122.6149846445,0.09855371969319947
phases_md_huge_p4,phases,md,"Fases de acesso | Medio, 4 fases, universo enorme (10k refs, 2000 pags)",FIFO,2,0.036362057091729086,0.00011493596698056863,24.250401685159886,0.0007539840095410717
phases_md_huge_p4,phases,md,"Fases de acesso | Medio, 4 fases, universo enorme (10k refs, 2000 pags)",FIFO,4,0.04013020416350756,0.004045472538327134,32.27640194929281,0.02782168002160159
phases_md_huge_p4,phases,md,"Fases de acesso | Medio, 4 fases, universo enorme (10k refs, 2000 pags)",FIFO,8,0.04277718180144309,0.000760677576040516,48.29480751259324,0.006131218169787916
phases_md_huge_p4,phases,md,"Fases de acesso | Medio, 4 fases, universo enorme (10k refs, 2000 pags)",FIFO,16,0.07205853294065565,0.004229666932611204,80.49754552823423,0.025986446026820775
phases_md_huge_p4,phases,md,"Fases de acesso | Medio, 4 fases, universo enorme (10k refs, 2000 pags)",FIFO,32,0.10742918394213055,0.0007238741980522464,144.73818990459773,0.006579997693755136
phases_md_huge_p4,phases,md,"Fases de acesso | Medio, 4 fases, universo enorme (10k refs, 2000 pags)",FIFO,64,0.1938489181628304,0.00558486549884388,273.3332844757564,0.043882290706167955
phases_md_huge_p4,phases,md,"Fases de acesso | Medio, 4 fases, universo enorme (10k refs, 2000 pags)",FIFO,128,0.31727939899681384,0.02479181848615817,530.1764363097403,0.16696500429860547
phases_md_huge_p4,phases,md,"Fases de acesso | Medio, 4 fases, universo enorme (10k refs, 2000 pags)",LFU,2,0.8756239396998794,0.1418248438771407,1929990.0579057834,0.9630037874322541
phases_md_huge_p4,phases,md,"Fases de acesso | Medio, 4 fases, universo enorme (10k refs, 2000 pags)",LFU,4,1.0096165250384685,0.0190562785335471,2247094.991737281,0.1525491227104757
phases_md_huge_p4,phases,md,"Fases de acesso | Medio, 4 fases, universo enorme (10k refs, 2000 pags)",LFU,8,1.5780634619986693,0.021525326911759582,2874594.929821644,0.17322892321919656
phases_md_huge_p4,phases,md,"Fases de acesso | Medio, 4 fases, universo enorme (10k refs, 2000 pags)",LFU,16,2.649060402615539,0.023538695123513764,3362658.35763714,0.195235787267263
phases_md_huge_p4,phases,md,"Fases de acesso | Medio, 4 fases, universo enorme (10k refs, 2000 pags)",LFU,32,4.422718185270654,0.06555834776067454,5111934.590211128,0.35951400829500724
phases_md_huge_p4,phases,md,"Fases de acesso | Medio, 4 fases, universo enorme (10k refs, 2000 pags)",LFU,64,7.966108499777721,0.17553816843656087,9275206.923220169,1.044150714722224
phases_md_huge_p4,phases,md,"Fases de acesso | Medio, 4 fases, universo enorme (10k refs, 2000 pags)",LFU,128,14.640247598302588,0.7058259812191344,15873412.513840819,5.160789288085917
phases_md_huge_p4,phases,md,"Fases de acesso | Medio, 4 fases, universo enorme (10k refs, 2000 pags)",LRU,2,0.3041282979937089,0.02555522405821172,699698.1072581685,0.17446166444345143
phases_md_huge_p4,phases,md,"Fases de acesso | Medio, 4 fases, universo enorme (10k refs, 2000 pags)",LRU,4,0.32975876840382146,0.004847431917877672,700258.2827442691,0.034317077876063695
phases_md_huge_p4,phases,md,"Fases de acesso | Medio, 4 fases, universo enorme (10k refs, 2000 pags)",LRU,8,0.4264281456111817,0.02170951880362352,701222.9501305576,18.967612104287547
phases_md_huge_p4,phases,md,"Fases de acesso | Medio, 4 fases, universo enorme (10k refs, 2000 pags)",LRU,16,0.4337099067150647,0.011162424562931223,703959.0035042586,19.194886120921854
phases_md_huge_p4,phases,md,"Fases de acesso | Medio, 4 fases, universo enorme (10k refs, 2000 pags)",LRU,32,0.4249795183041488,0.0022738194925007804,709306.9473028115,0.013625426349921775
phases_md_huge_p4,phases,md,"Fases de acesso | Medio, 4 fases, universo enorme (10k refs, 2000 pags)",LRU,64,0.4159498877738388,0.022073146530075624,718998.8818840059,18.977072789189325
phases_md_huge_p4,phases,md,"Fases de acesso | Medio, 4 fases, universo enorme (10k refs, 2000 pags)",LRU,128,0.42049578205477245,0.0057173500760653185,738138.9079821407,0.04488418835828772
phases_md_huge_p4,phases,md,"Fases de acesso | Medio, 4 fases, universo enorme (10k refs, 2000 pags)",Otimo,2,0.5820326931899082,0.005697606639073657,1064196.036005551,0.04926683557504046
phases_md_huge_p4,phases,md,"Fases de acesso | Medio, 4 fases, universo enorme (10k refs, 2000 pags)",Otimo,4,0.7159626968216698,0.03690936543218484,1350948.9585554737,0.24186787786228856
phases_md_huge_p4,phases,md,"Fases de acesso | Medio, 4 fases, universo enorme (10k refs, 2000 pags)",Otimo,8,1.0250881819331517,0.01093684814991316,1928391.104521323,0.08893257590266528
phases_md_huge_p4,phases,md,"Fases de acesso | Medio, 4 fases, universo enorme (10k refs, 2000 pags)",Otimo,16,1.5739729927818533,0.02609944538158302,2858514.8824618156,0.1783536935568877
phases_md_huge_p4,phases,md,"Fases de acesso | Medio, 4 fases, universo enorme (10k refs, 2000 pags)",Otimo,32,2.5504277364968773,0.019414798516103827,4934649.658754358,0.18601819613150894
phases_md_huge_p4,phases,md,"Fases de acesso | Medio, 4 fases, universo enorme (10k refs, 2000 pags)",Otimo,64,4.723470816725952,0.08982485241968251,8800712.66824203,0.6705453589818691
phases_md_huge_p4,phases,md,"Fases de acesso | Medio, 4 fases, universo enorme (10k refs, 2000 pags)",Otimo,128,9.224751086593907,0.18131243375015255,18155039.59811584,1.2196035474739455
phases_md_huge_p4,phases,md,"Fases de acesso | Medio, 4 fases, universo enorme (10k refs, 2000 pags)",Random,2,0.4122328344878154,0.004364834841463225,914938.8586349698,0.03142702176932379
phases_md_huge_p4,phases,md,"Fases de acesso | Medio, 4 fases, universo enorme (10k refs, 2000 pags)",Random,4,0.43162301940033904,0.010030358744963603,911994.9875344032,0.07133584465066485
phases_md_huge_p4,phases,md,"Fases de acesso | Medio, 4 fases, universo enorme (10k refs, 2000 pags)",Random,8,0.4920984218235492,0.003711127760110812,906715.410842184,0.033844129298148014
phases_md_huge_p4,phases,md,"Fases de acesso | Medio, 4 fases, universo enorme (10k refs, 2000 pags)",Random,16,0.47743998397541293,0.030826934865671996,893395.3061339206,0.21708184272441516
phases_md_huge_p4,phases,md,"Fases de acesso | Medio, 4 fases, universo enorme (10k refs, 2000 pags)",Random,32,0.453592430893779,0.012956331503102563,871195.1412561259,0.09035979344843816
phases_md_huge_p4,phases,md,"Fases de acesso | Medio, 4 fases, universo enorme (10k refs, 2000 pags)",Random,64,0.4314703311977007,0.0033021338122619375,820394.9904539154,0.02561321435958143
phases_md_huge_p4,phases,md,"Fases de acesso | Medio, 4 fases, universo enorme (10k refs, 2000 pags)",Random,128,0.369867964633301,0.016286939098709735,733922.5626126688,0.11298495607372816
phases_md_medium_p4,phases,md,"Fases de acesso | Medio, 4 fases (10k refs, 200 pags)",Clock,2,0.245933845284451,0.0024941255376381742,477449.70317154785,0.021056419279341914
phases_md_medium_p4,phases,md,"Fases de acesso | Medio, 4 fases (10k refs, 200 pags)",Clock,4,0.3134640572508366,0.0028480726724311287,462482.1708267371,0.01869309958934305
phases_md_medium_p4,phases,md,"Fases de acesso | Medio, 4 fases (10k refs, 200 pags)",Clock,8,0.3722508582991898,0.006487361181244638,434018.5767459237,0.05317413184892968
phases_md_medium_p4,phases,md,"Fases de acesso | Medio, 4 fases (10k refs, 200 pags)",Clock,16,0.3441202207523668,0.003705872438994723,372538.3830709693,0.026036998101651408
phases_md_medium_p4,phases,md,"Fases de acesso | Medio, 4 fases (10k refs, 200 pags)",Clock,32,0.22983855216379373,0.004706214589990212,252137.5918932072,0.034446241431731375
phases_md_medium_p4,phases,md,"Fases de acesso | Medio, 4 fases (10k refs, 200 pags)",Clock,64,0.11470320488661341,0.0027115340969672496,122968.7937878746,0.021738052849572934
phases_md_medium_p4,phases,md,"Fases de acesso | Medio, 4 fases (10k refs, 200 pags)",Clock,128,0.11427856476230296,0.00887400690820577,124104.79157458564,0.06294430159343
phases_md_medium_p4,phases,md,"Fases de acesso | Medio, 4 fases (10k refs, 200 pags)",FIFO,2,0.03862999184834564,0.0004338235222423627,24.265780266878533,0.0034151434193129796
phases_md_medium_p4,phases,md,"Fases de acesso | Medio, 4 fases (10k refs, 200 pags)",FIFO,4,0.04038206219506814,0.0031828823060959656,32.27805991798063,0.021952092974598214
phases_md_medium_p4,phases,md,"Fases de acesso | Medio, 4 fases (10k refs, 200 pags)",FIFO,8,0.04900951934395191,0.002625200282584654,48.338810714542944,0.02044728651199412
phases_md_medium_p4,phases,md,"Fases de acesso | Medio, 4 fases (10k refs, 200 pags)",FIFO,16,0.08184033302929956,0.0011195031769458902,80.56436605337713,0.007540551951917444
phases_md_medium_p4,phases,md,"Fases de acesso | Medio, 4 fases (10k refs, 200 pags)",FIFO,32,0.13295257457869689,0.01720375260519105,144.91488670889936,0.11790861445075786
phases_md_medium_p4,phases,md,"Fases de acesso | Medio, 4 fases (10k refs, 200 pags)",FIFO,64,0.18195433727258156,0.029595939967807603,273.2529701005731,0.20576081311200775
phases_md_medium_p4,phases,md,"Fases de acesso | Medio, 4 fases (10k refs, 200 pags)",FIFO,128,0.22794091048034923,0.0007443973241694287,529.5667223723964,0.012179616558867625
phases_md_medium_p4,phases,md,"Fases de acesso | Medio, 4 fases (10k refs, 200 pags)",LFU,2,0.7594016966881058,0.02304489606566516,1203077.2584145616,0.16448304321965196
phases_md_medium_p4,phases,md,"Fases de acesso | Medio, 4 fases (10k refs, 200 pags)",LFU,4,0.9332709060667875,0.02939414766927847,1197362.4644927622,32.05929496115614
phases_md_medium_p4,phases,md,"Fases de acesso | Medio, 4 fases (10k refs, 200 pags)",LFU,8,1.5925084698347725,0.26100320344104827,1336823.0272032015,241246.66562181734
phases_md_medium_p4,phases,md,"Fases de acesso | Medio, 4 fases (10k refs, 200 pags)",LFU,16,2.397128785849302,0.07658742281752873,1161392.6073736749,0.5036756363134707
phases_md_medium_p4,phases,md,"Fases de acesso | Medio, 4 fases (10k refs, 200 pags)",LFU,32,3.7381043623708217,0.34304807171087254,1110617.8538466603,2.397629206298566
phases_md_medium_p4,phases,md,"Fases de acesso | Medio, 4 fases (10k refs, 200 pags)",LFU,64,5.655871504447433,0.15170795608496693,1016583.0643408906,1.0999530492792777
phases_md_medium_p4,phases,md,"Fases de acesso | Medio, 4 fases (10k refs, 200 pags)",LFU,128,6.252558746889356,0.04639007148481042,1424683.2127614361,0.3420093224769226
phases_md_medium_p4,phases,md,"Fases de acesso | Medio, 4 fases (10k refs, 200 pags)",LRU,2,0.3236740321479542,0.018532752438541,517242.23944014154,0.13285151713911666
phases_md_medium_p4,phases,md,"Fases de acesso | Medio, 4 fases (10k refs, 200 pags)",LRU,4,0.35535244759206075,0.009741000426248543,519570.4632209926,0.06666579256488671
phases_md_medium_p4,phases,md,"Fases de acesso | Medio, 4 fases (10k refs, 200 pags)",LRU,8,0.43679391279483726,0.04681318075727864,524167.0248540941,18.802182262665923
phases_md_medium_p4,phases,md,"Fases de acesso | Medio, 4 fases (10k refs, 200 pags)",LRU,16,0.41144316149444793,0.025194976701815718,533302.8492055986,19.29439565148801
phases_md_medium_p4,phases,md,"Fases de acesso | Medio, 4 fases (10k refs, 200 pags)",LRU,32,0.32876834552785583,0.01225592435205238,552042.2755811223,0.08232027759841087
phases_md_medium_p4,phases,md,"Fases de acesso | Medio, 4 fases (10k refs, 200 pags)",LRU,64,0.2806882512899369,0.004197139486407711,576653.9428806419,31.84971247614642
phases_md_medium_p4,phases,md,"Fases de acesso | Medio, 4 fases (10k refs, 200 pags)",LRU,128,0.27796678068143077,0.002507210119584616,575665.9261005486,0.021042475296701623
phases_md_medium_p4,phases,md,"Fases de acesso | Medio, 4 fases (10k refs, 200 pags)",Otimo,2,0.5839085477701008,0.005810112083156401,582644.0412586813,0.046586034121160864
phases_md_medium_p4,phases,md,"Fases de acesso | Medio, 4 fases (10k refs, 200 pags)",Otimo,4,0.6846849529429024,0.03100563301508394,653060.7388850936,0.22343457900198152
phases_md_medium_p4,phases,md,"Fases de acesso | Medio, 4 fases (10k refs, 200 pags)",Otimo,8,0.8419115418165234,0.011879724840869604,680517.8322437496,0.06482341498485508
phases_md_medium_p4,phases,md,"Fases de acesso | Medio, 4 fases (10k refs, 200 pags)",Otimo,16,1.3590329495264326,0.11290431143203258,667113.4056522367,0.7886399496219937
phases_md_medium_p4,phases,md,"Fases de acesso | Medio, 4 fases (10k refs, 200 pags)",Otimo,32,1.6899971299810719,0.1310695253130652,717755.6888876057,0.8882327034870516
phases_md_medium_p4,phases,md,"Fases de acesso | Medio, 4 fases (10k refs, 200 pags)",Otimo,64,1.613525596686309,0.03880556602839344,466987.1998757824,0.2382197562519859
phases_md_medium_p4,phases,md,"Fases de acesso | Medio, 4 fases (10k refs, 200 pags)",Otimo,128,0.1615051636217105,0.0014568843426769093,112065.120098568,0.008736819415902456
phases_md_medium_p4,phases,md,"Fases de acesso | Medio, 4 fases (10k refs, 200 pags)",Random,2,0.3661301380170159,0.018766367958254898,530554.5365207836,0.12635951191931
phases_md_medium_p4,phases,md,"Fases de acesso | Medio, 4 fases (10k refs, 200 pags)",Random,4,0.3854842202219185,0.014226182767210832,509658.6741545422,0.09846245376476719
phases_md_medium_p4,phases,md,"Fases de acesso | Medio, 4 fases (10k refs, 200 pags)",Random,8,0.40050964195520955,0.0029391058703295008,473130.7724175231,0.022262034036087352
phases_md_medium_p4,phases,md,"Fases de acesso | Medio, 4 fases (10k refs, 200 pags)",Random,16,0.35656439525562034,0.009189869630914392,395522.4684039537,0.0635158341394191
phases_md_medium_p4,phases,md,"Fases de acesso | Medio, 4 fases (10k refs, 200 pags)",Random,32,0.2061221144435285,0.0019285324843692215,240281.4255165633,0.01196029498809675
phases_md_medium_p4,phases,md,"Fases de acesso | Medio, 4 fases (10k refs, 200 pags)",Random,64,0.07404821046899175,0.0005489380765835287,77384.51515017377,0.0058371581937638525
phases_md_medium_p4,phases,md,"Fases de acesso | Medio, 4 fases (10k refs, 200 pags)",Random,128,0.06636126015749677,0.0017346951956007464,72144.46125898111,0.013633872864561889
phases_md_tight_p2,phases,md,"Fases de acesso | Medio, 2 fases (10k refs, 50 pags)",Clock,2,0.217223421048833,0.0017775704118596792,295289.50290679175,0.013350057784376156
phases_md_tight_p2,phases,md,"Fases de acesso | Medio, 2 fases (10k refs, 50 pags)",Clock,4,0.2575288976160329,0.002029807526096625,269409.7818550908,0.016950965992604802
phases_md_tight_p2,phases,md,"Fases de acesso | Medio, 2 fases (10k refs, 50 pags)",Clock,8,0.30597923136684585,0.011088713550716046,219282.12107176048,0.07823139041925642
phases_md_tight_p2,phases,md,"Fases de acesso | Medio, 2 fases (10k refs, 50 pags)",Clock,16,0.20678038138100807,0.004432352298099747,116649.43287758673,0.030420101564710388
phases_md_tight_p2,phases,md,"Fases de acesso | Medio, 2 fases (10k refs, 50 pags)",Clock,32,0.0969700734501188,0.0036461612544900885,2376.672415799333,0.023831490749553257
phases_md_tight_p2,phases,md,"Fases de acesso | Medio, 2 fases (10k refs, 50 pags)",Clock,64,0.10660454287664736,0.005555094177440625,3024.7384009458738,0.03821084554566391
phases_md_tight_p2,phases,md,"Fases de acesso | Medio, 2 fases (10k refs, 50 pags)",Clock,128,0.10784872099180032,0.0067618788498720085,3344.7459788165193,0.04410430570964188
phases_md_tight_p2,phases,md,"Fases de acesso | Medio, 2 fases (10k refs, 50 pags)",FIFO,2,0.04084804750481889,0.0005395599450864006,24.281047811426426,0.0035489241032530534
phases_md_tight_p2,phases,md,"Fases de acesso | Medio, 2 fases (10k refs, 50 pags)",FIFO,4,0.041366056982847746,0.0006722243979521837,32.28461134152209,0.0048235813860159245
phases_md_tight_p2,phases,md,"Fases de acesso | Medio, 2 fases (10k refs, 50 pags)",FIFO,8,0.06154448201471281,0.002583466672120808,48.425380340120455,0.017002415878046673
phases_md_tight_p2,phases,md,"Fases de acesso | Medio, 2 fases (10k refs, 50 pags)",FIFO,16,0.09440268070337332,0.002181792912733476,80.65099263290533,0.019716222051933106
phases_md_tight_p2,phases,md,"Fases de acesso | Medio, 2 fases (10k refs, 50 pags)",FIFO,32,0.12127696258010216,0.008943700583651912,144.8346671361263,0.0637931893175314
phases_md_tight_p2,phases,md,"Fases de acesso | Medio, 2 fases (10k refs, 50 pags)",FIFO,64,0.1550102571810669,0.020502778307051897,273.0664343837702,0.14106392296933193
phases_md_tight_p2,phases,md,"Fases de acesso | Medio, 2 fases (10k refs, 50 pags)",FIFO,128,0.1436222137970939,0.001787765576900566,528.9880230515871,0.012403336463843449
phases_md_tight_p2,phases,md,"Fases de acesso | Medio, 2 fases (10k refs, 50 pags)",LFU,2,0.7669572067905128,0.019351119475514777,838885.3109260183,0.13196333162958507
phases_md_tight_p2,phases,md,"Fases de acesso | Medio, 2 fases (10k refs, 50 pags)",LFU,4,0.8453583386860342,0.01138650204778168,816405.8582416604,0.09274750527381229
phases_md_tight_p2,phases,md,"Fases de acesso | Medio, 2 fases (10k refs, 50 pags)",LFU,8,1.1786276644079514,0.029761918603178273,769968.1573964632,0.20307550973911553
phases_md_tight_p2,phases,md,"Fases de acesso | Medio, 2 fases (10k refs, 50 pags)",LFU,16,1.5456713956419874,0.035657241155162056,680034.7084859362,0.2581124857947826
phases_md_tight_p2,phases,md,"Fases de acesso | Medio, 2 fases (10k refs, 50 pags)",LFU,32,1.643328017167649,0.18489623679176936,505975.3864050152,33.165090728245595
phases_md_tight_p2,phases,md,"Fases de acesso | Medio, 2 fases (10k refs, 50 pags)",LFU,64,0.2638077205338803,0.004499431548376567,300737.8278830312,0.03461344954445998
phases_md_tight_p2,phases,md,"Fases de acesso | Medio, 2 fases (10k refs, 50 pags)",LFU,128,0.26193046430282746,0.00412383180562325,300737.8105762686,0.02874764402076423
phases_md_tight_p2,phases,md,"Fases de acesso | Medio, 2 fases (10k refs, 50 pags)",LRU,2,0.3106327463624759,0.004490841291487381,400210.15135893173,0.03685840511900012
phases_md_tight_p2,phases,md,"Fases de acesso | Medio, 2 fases (10k refs, 50 pags)",LRU,4,0.3204889103895341,0.004175061801818562,400170.21852053993,0.034197584415431144
phases_md_tight_p2,phases,md,"Fases de acesso | Medio, 2 fases (10k refs, 50 pags)",LRU,8,0.3571403417115486,0.004963941137907075,400170.46867005347,0.035129212496012155
phases_md_tight_p2,phases,md,"Fases de acesso | Medio, 2 fases (10k refs, 50 pags)",LRU,16,0.3277415997551615,0.005219989567905451,400354.26968251244,0.03546199932684407
phases_md_tight_p2,phases,md,"Fases de acesso | Medio, 2 fases (10k refs, 50 pags)",LRU,32,0.267895149550576,0.03599025979318481,401201.8544261415,0.24939750421745957
phases_md_tight_p2,phases,md,"Fases de acesso | Medio, 2 fases (10k refs, 50 pags)",LRU,64,0.24788807532492724,0.06039609085111749,401129.7158499959,0.41809645443313304
phases_md_tight_p2,phases,md,"Fases de acesso | Medio, 2 fases (10k refs, 50 pags)",LRU,128,0.2890404978299192,0.00284398940335331,401130.00094352954,0.02116423456718147
phases_md_tight_p2,phases,md,"Fases de acesso | Medio, 2 fases (10k refs, 50 pags)",Otimo,2,0.47800407064346795,0.024003639175231222,293747.3122511102,0.1763040824110178
phases_md_tight_p2,phases,md,"Fases de acesso | Medio, 2 fases (10k refs, 50 pags)",Otimo,4,0.5749508981891328,0.012778316961665965,275699.9833855689,0.09799424077442902
phases_md_tight_p2,phases,md,"Fases de acesso | Medio, 2 fases (10k refs, 50 pags)",Otimo,8,0.7028349054858507,0.030341946513182255,231764.86631037947,0.20816502504611656
phases_md_tight_p2,phases,md,"Fases de acesso | Medio, 2 fases (10k refs, 50 pags)",Otimo,16,0.7606252288435764,0.009822246874140282,161701.26391965148,0.06317190195390941
phases_md_tight_p2,phases,md,"Fases de acesso | Medio, 2 fases (10k refs, 50 pags)",Otimo,32,0.05622686428312197,0.0006806821132350052,2864.3908272925933,0.006684725716739246
phases_md_tight_p2,phases,md,"Fases de acesso | Medio, 2 fases (10k refs, 50 pags)",Otimo,64,0.04943137052985261,0.00445693420423913,2688.3428587345647,0.030639587872280345
phases_md_tight_p2,phases,md,"Fases de acesso | Medio, 2 fases (10k refs, 50 pags)",Otimo,128,0.05541736388738774,0.012558004452229585,2688.385031260284,0.08628849297159806
phases_md_tight_p2,phases,md,"Fases de acesso | Medio, 2 fases (10k refs, 50 pags)",Random,2,0.31163867978905485,0.002590758176969194,295322.1553369318,0.023830780185914266
phases_md_tight_p2,phases,md,"Fases de acesso | Medio, 2 fases (10k refs, 50 pags)",Random,4,0.31263931448151233,0.0038271675196345336,268698.16280296806,0.02940861193938844
phases_md_tight_p2,phases,md,"Fases de acesso | Medio, 2 fases (10k refs, 50 pags)",Random,8,0.281956217775504,0.005914012552369526,219177.95276691025,0.04165623569052344
phases_md_tight_p2,phases,md,"Fases de acesso | Medio, 2 fases (10k refs, 50 pags)",Random,16,0.18319246199842726,0.002429341747488751,113441.26986225441,0.01600290895442231
phases_md_tight_p2,phases,md,"Fases de acesso | Medio, 2 fases (10k refs, 50 pags)",Random,32,0.051323725874428294,0.00370677940087372,3309.401897999194,16.07231505238604
phases_md_tight_p2,phases,md,"Fases de acesso | Medio, 2 fases (10k refs, 50 pags)",Random,64,0.06347954708393368,0.00845721974171375,3714.8303374592615,17.94398136267684
phases_md_tight_p2,phases,md,"Fases de acesso | Medio, 2 fases (10k refs, 50 pags)",Random,128,0.06329210905570429,0.008652521722536891,3714.9287288570604,17.62421696363787
phases_md_wide_p8,phases,md,"Fases de acesso | Medio, 8 fases, universo amplo (10k refs, 500 pags)",Clock,2,0.2436934061803076,0.0022652115329839747,661961.6875184088,0.019661077485959726
phases_md_wide_p8,phases,md,"Fases de acesso | Medio, 8 fases, universo amplo (10k refs, 500 pags)",Clock,4,0.29783711387770073,0.0022361369754544543,648658.0644758857,0.018774293325806483
phases_md_wide_p8,phases,md,"Fases de acesso | Medio, 8 fases, universo amplo (10k refs, 500 pags)",Clock,8,0.384180924803737,0.0038297546108995296,621602.660415191,0.02654660645327425
phases_md_wide_p8,phases,md,"Fases de acesso | Medio, 8 fases, universo amplo (10k refs, 500 pags)",Clock,16,0.350984544919328,0.0022307809310033078,564474.4319620203,0.020600217859243024
phases_md_wide_p8,phases,md,"Fases de acesso | Medio, 8 fases, universo amplo (10k refs, 500 pags)",Clock,32,0.2653591767444543,0.0022752935600082276,455817.83507930546,0.017808216896388583
phases_md_wide_p8,phases,md,"Fases de acesso | Medio, 8 fases, universo amplo (10k refs, 500 pags)",Clock,64,0.12434253153585173,0.005097967408493053,259992.8611925423,0.034158213859405186
phases_md_wide_p8,phases,md,"Fases de acesso | Medio, 8 fases, universo amplo (10k refs, 500 pags)",Clock,128,0.12283827557637968,0.002442074942601098,260328.8507934596,0.019017474453895126
phases_md_wide_p8,phases,md,"Fases de acesso | Medio, 8 fases, universo amplo (10k refs, 500 pags)",FIFO,2,0.03840548330729082,0.000391505155553639,24.264230102288092,0.002955671215083751
phases_md_wide_p8,phases,md,"Fases de acesso | Medio, 8 fases, universo amplo (10k refs, 500 pags)",FIFO,4,0.038790447144272655,0.0006053352847440163,32.267571999873,0.0038335527828587414
phases_md_wide_p8,phases,md,"Fases de acesso | Medio, 8 fases, universo amplo (10k refs, 500 pags)",FIFO,8,0.04771425928159252,0.0028010560271133074,48.32865384422634,0.0192679915150472
phases_md_wide_p8,phases,md,"Fases de acesso | Medio, 8 fases, universo amplo (10k refs, 500 pags)",FIFO,16,0.07858557024994228,0.001867035423959548,80.54241049466359,0.013706671775076533
phases_md_wide_p8,phases,md,"Fases de acesso | Medio, 8 fases, universo amplo (10k refs, 500 pags)",FIFO,32,0.12287759984505423,0.002560266432778324,144.84599539537612,0.018476748628089762
phases_md_wide_p8,phases,md,"Fases de acesso | Medio, 8 fases, universo amplo (10k refs, 500 pags)",FIFO,64,0.1657973875815019,0.001121321504484925,273.13801914236547,0.006133896975402196
phases_md_wide_p8,phases,md,"Fases de acesso | Medio, 8 fases, universo amplo (10k refs, 500 pags)",FIFO,128,0.2567937914745744,0.0013243153966421967,529.7633660364529,0.007211955968735686
phases_md_wide_p8,phases,md,"Fases de acesso | Medio, 8 fases, universo amplo (10k refs, 500 pags)",LFU,2,0.81426895085546,0.06554869578326147,1574673.6374167376,32.32811339474811
phases_md_wide_p8,phases,md,"Fases de acesso | Medio, 8 fases, universo amplo (10k refs, 500 pags)",LFU,4,0.9375437183976002,0.03347474742097997,1572434.5029821973,31.63254731247093
phases_md_wide_p8,phases,md,"Fases de acesso | Medio, 8 fases, universo amplo (10k refs, 500 pags)",LFU,8,1.3468536317933946,0.008911542918612434,1566273.3176945655,0.07562203000452462
phases_md_wide_p8,phases,md,"Fases de acesso | Medio, 8 fases, universo amplo (10k refs, 500 pags)",LFU,16,2.138580622367802,0.05469353474547809,1555918.818306595,0.3484986548689373
phases_md_wide_p8,phases,md,"Fases de acesso | Medio, 8 fases, universo amplo (10k refs, 500 pags)",LFU,32,3.746298964425665,0.17831141695793887,1537465.9038346156,1.289973994025781
phases_md_wide_p8,phases,md,"Fases de acesso | Medio, 8 fases, universo amplo (10k refs, 500 pags)",LFU,64,7.348360807826749,1.0028525679460454,1501810.62115089,6.848137731985487
phases_md_wide_p8,phases,md,"Fases de acesso | Medio, 8 fases, universo amplo (10k refs, 500 pags)",LFU,128,12.276760064610565,0.09904596745945632,1775636.5683728594,0.7903562047826208
phases_md_wide_p8,phases,md,"Fases de acesso | Medio, 8 fases, universo amplo (10k refs, 500 pags)",LRU,2,0.33656277773576215,0.03090226224250503,642070.3329316938,19.338826535901045
phases_md_wide_p8,phases,md,"Fases de acesso | Medio, 8 fases, universo amplo (10k refs, 500 pags)",LRU,4,0.35427258860836125,0.007335014578678274,645626.4534022379,0.050151577753863794
phases_md_wide_p8,phases,md,"Fases de acesso | Medio, 8 fases, universo amplo (10k refs, 500 pags)",LRU,8,0.42270159342855046,0.012088500551883959,652870.9286736319,19.197454178440655
phases_md_wide_p8,phases,md,"Fases de acesso | Medio, 8 fases, universo amplo (10k refs, 500 pags)",LRU,16,0.39976054179811893,0.003167731300916988,668474.7709318165,0.020727838742870038
phases_md_wide_p8,phases,md,"Fases de acesso | Medio, 8 fases, universo amplo (10k refs, 500 pags)",LRU,32,0.3440542449098709,0.014638400971415513,698762.3850272963,0.10456404635592836
phases_md_wide_p8,phases,md,"Fases de acesso | Medio, 8 fases, universo amplo (10k refs, 500 pags)",LRU,64,0.28328263495832673,0.023155438279108567,765777.9646173592,0.16089255006542913
phases_md_wide_p8,phases,md,"Fases de acesso | Medio, 8 fases, universo amplo (10k refs, 500 pags)",LRU,128,0.3019361018032086,0.0031042637152352954,764770.0949451295,0.029735466950445964
phases_md_wide_p8,phases,md,"Fases de acesso | Medio, 8 fases, universo amplo (10k refs, 500 pags)",Otimo,2,0.5653395287738336,0.00906879124882814,883571.9109300983,0.06725818050375451
phases_md_wide_p8,phases,md,"Fases de acesso | Medio, 8 fases, universo amplo (10k refs, 500 pags)",Otimo,4,0.5850932415934744,0.19428109566902368,857388.051235817,345157.73233705
phases_md_wide_p8,phases,md,"Fases de acesso | Medio, 8 fases, universo amplo (10k refs, 500 pags)",Otimo,8,0.9079616858852972,0.01456969629713222,1419142.2821680927,0.09779172910355202
phases_md_wide_p8,phases,md,"Fases de acesso | Medio, 8 fases, universo amplo (10k refs, 500 pags)",Otimo,16,1.3660217156510965,0.015435473928002347,1697609.4589866635,0.11390137720204577
phases_md_wide_p8,phases,md,"Fases de acesso | Medio, 8 fases, universo amplo (10k refs, 500 pags)",Otimo,32,2.1443346408642334,0.12507344718360583,2405070.839066039,0.8620396324044906
phases_md_wide_p8,phases,md,"Fases de acesso | Medio, 8 fases, universo amplo (10k refs, 500 pags)",Otimo,64,3.073580033784741,0.14201490649465381,3512085.2856579176,0.9798057265244456
phases_md_wide_p8,phases,md,"Fases de acesso | Medio, 8 fases, universo amplo (10k refs, 500 pags)",Otimo,128,3.278898484490277,0.027409379339426228,7023238.696087176,0.2055905766898139
phases_md_wide_p8,phases,md,"Fases de acesso | Medio, 8 fases, universo amplo (10k refs, 500 pags)",Random,2,0.38886571117781693,0.003652044894408192,772890.6942113471,0.022969638579074664
phases_md_wide_p8,phases,md,"Fases de acesso | Medio, 8 fases, universo amplo (10k refs, 500 pags)",Random,4,0.3729070315797165,0.04166316174355567,751738.5822528454,0.28279017723177113
phases_md_wide_p8,phases,md,"Fases de acesso | Medio, 8 fases, universo amplo (10k refs, 500 pags)",Random,8,0.4247575149685102,0.013690092601912961,706794.9469844324,0.09737230393628493
phases_md_wide_p8,phases,md,"Fases de acesso | Medio, 8 fases, universo amplo (10k refs, 500 pags)",Random,16,0.3223289481800447,0.0023924270937821074,626298.233547491,0.02023265699591021
phases_md_wide_p8,phases,md,"Fases de acesso | Medio, 8 fases, universo amplo (10k refs, 500 pags)",Random,32,0.24588708819797658,0.008586568624824794,461497.7053334984,0.06191844985158692
phases_md_wide_p8,phases,md,"Fases de acesso | Medio, 8 fases, universo amplo (10k refs, 500 pags)",Random,64,0.11013559091632685,0.005494505895078381,204760.76350383417,0.03757753032062809
phases_md_wide_p8,phases,md,"Fases de acesso | Medio, 8 fases, universo amplo (10k refs, 500 pags)",Random,128,0.08800134161094122,0.003434933557240134,164416.61102111574,0.024855956324118682
phases_sm_medium_p4,phases,sm,"Fases de acesso | Pequeno, 4 fases (2k refs, 200 pags)",Clock,2,0.04777852876605729,0.0008727424678844057,94728.331533008,0.006424022343297211
phases_sm_medium_p4,phases,sm,"Fases de acesso | Pequeno, 4 fases (2k refs, 200 pags)",Clock,4,0.057301040310030915,0.0008665663428383731,91632.3984436757,0.007418916295822855
phases_sm_medium_p4,phases,sm,"Fases de acesso | Pequeno, 4 fases (2k refs, 200 pags)",Clock,8,0.06777136451215679,0.0029270536299347435,85664.47036185388,0.021924796983396933
phases_sm_medium_p4,phases,sm,"Fases de acesso | Pequeno, 4 fases (2k refs, 200 pags)",Clock,16,0.061814114108207904,0.0005168893781316445,75000.42943898882,0.006847597246587959
phases_sm_medium_p4,phases,sm,"Fases de acesso | Pequeno, 4 fases (2k refs, 200 pags)",Clock,32,0.04524314266056899,0.001002554418602313,52392.313780410754,0.006291727804583998
phases_sm_medium_p4,phases,sm,"Fases de acesso | Pequeno, 4 fases (2k refs, 200 pags)",Clock,64,0.027072822829038574,0.002471645319405471,31112.187857441546,0.017066926838633676
phases_sm_medium_p4,phases,sm,"Fases de acesso | Pequeno, 4 fases (2k refs, 200 pags)",Clock,128,0.0275731351131998,0.0022920183453184325,32200.1912525811,0.015817942491337292
phases_sm_medium_p4,phases,sm,"Fases de acesso | Pequeno, 4 fases (2k refs, 200 pags)",FIFO,2,0.007747129307923051,9.69932052375984e-05,24.053229552528833,0.0006632666912126862
phases_sm_medium_p4,phases,sm,"Fases de acesso | Pequeno, 4 fases (2k refs, 200 pags)",FIFO,4,0.008136746218255091,0.0007316916825570206,32.055998374644325,0.005068492279349498
phases_sm_medium_p4,phases,sm,"Fases de acesso | Pequeno, 4 fases (2k refs, 200 pags)",FIFO,8,0.010893043080704747,8.057149318816774e-05,48.074931328652326,0.0005140516416478155
phases_sm_medium_p4,phases,sm,"Fases de acesso | Pequeno, 4 fases (2k refs, 200 pags)",FIFO,16,0.016310998510787107,0.0002896021901445248,80.11241182724191,0.0022760735788564155
phases_sm_medium_p4,phases,sm,"Fases de acesso | Pequeno, 4 fases (2k refs, 200 pags)",FIFO,32,0.024702303818598604,0.0018309455263699473,144.1702479905614,0.012927114483649386
phases_sm_medium_p4,phases,sm,"Fases de acesso | Pequeno, 4 fases (2k refs, 200 pags)",FIFO,64,0.03502325563744916,0.0018589998697784518,272.24144532113024,0.012806132031403447
phases_sm_medium_p4,phases,sm,"Fases de acesso | Pequeno, 4 fases (2k refs, 200 pags)",FIFO,128,0.05673581933500007,0.010172350647475322,528.3912444895943,0.07107980428795202
phases_sm_medium_p4,phases,sm,"Fases de acesso | Pequeno, 4 fases (2k refs, 200 pags)",LFU,2,0.16554021194828103,0.002600763070449822,237697.14540966143,0.018709504901722074
phases_sm_medium_p4,phases,sm,"Fases de acesso | Pequeno, 4 fases (2k refs, 200 pags)",LFU,4,0.18821680564029863,0.004415651952551876,236077.30351307621,31.900569805656097
phases_sm_medium_p4,phases,sm,"Fases de acesso | Pequeno, 4 fases (2k refs, 200 pags)",LFU,8,0.28197895046408994,0.0043075532529922205,233537.95192158534,0.029664829262407183
phases_sm_medium_p4,phases,sm,"Fases de acesso | Pequeno, 4 fases (2k refs, 200 pags)",LFU,16,0.3962360961019277,0.00931521705070237,227874.74622870894,0.06467492567319452
phases_sm_medium_p4,phases,sm,"Fases de acesso | Pequeno, 4 fases (2k refs, 200 pags)",LFU,32,0.7286958873739616,0.005612763617791024,218821.04564116686,0.04791161960407255
phases_sm_medium_p4,phases,sm,"Fases de acesso | Pequeno, 4 fases (2k refs, 200 pags)",LFU,64,1.1142430618332093,0.020943674529348994,203239.71427463825,0.14771756784704945
phases_sm_medium_p4,phases,sm,"Fases de acesso | Pequeno, 4 fases (2k refs, 200 pags)",LFU,128,1.159009798096521,0.011904317327931175,296152.01883697615,0.08108313659574273
phases_sm_medium_p4,phases,sm,"Fases de acesso | Pequeno, 4 fases (2k refs, 200 pags)",LRU,2,0.06875119578963315,0.0027266943506150916,103882.26661484194,15.663513043506327
phases_sm_medium_p4,phases,sm,"Fases de acesso | Pequeno, 4 fases (2k refs, 200 pags)",LRU,4,0.07636988972680292,0.001550487102734916,104272.53080753353,0.011681172980960466
phases_sm_medium_p4,phases,sm,"Fases de acesso | Pequeno, 4 fases (2k refs, 200 pags)",LRU,8,0.08289405328892083,0.004248098381113246,105077.56414010553,18.076170051628
phases_sm_medium_p4,phases,sm,"Fases de acesso | Pequeno, 4 fases (2k refs, 200 pags)",LRU,16,0.08200402478830629,0.004009038175932192,106860.3306939109,12.52449889559931
phases_sm_medium_p4,phases,sm,"Fases de acesso | Pequeno, 4 fases (2k refs, 200 pags)",LRU,32,0.06690968426470835,0.0022151053350073567,110698.19362217882,15.730050283112927
phases_sm_medium_p4,phases,sm,"Fases de acesso | Pequeno, 4 fases (2k refs, 200 pags)",LRU,64,0.06156028874555436,0.005718404802735217,118816.4274275668,0.03891091645977449
phases_sm_medium_p4,phases,sm,"Fases de acesso | Pequeno, 4 fases (2k refs, 200 pags)",LRU,128,0.05766971223251964,0.0011623602372773897,117808.40154741767,0.008367050871565125
phases_sm_medium_p4,phases,sm,"Fases de acesso | Pequeno, 4 fases (2k refs, 200 pags)",Otimo,2,0.10987695348869023,0.001183448846022404,114848.75964297036,0.00953702932703485
phases_sm_medium_p4,phases,sm,"Fases de acesso | Pequeno, 4 fases (2k refs, 200 pags)",Otimo,4,0.13176498865730027,0.0018420973157880459,129312.91302583778,0.014307882082855211
phases_sm_medium_p4,phases,sm,"Fases de acesso | Pequeno, 4 fases (2k refs, 200 pags)",Otimo,8,0.1666758159768253,0.00257694552604554,135217.15393755934,0.019419419461213002
phases_sm_medium_p4,phases,sm,"Fases de acesso | Pequeno, 4 fases (2k refs, 200 pags)",Otimo,16,0.24789729627413362,0.0031044756716799337,130753.71840627957,0.0205086357472697
phases_sm_medium_p4,phases,sm,"Fases de acesso | Pequeno, 4 fases (2k refs, 200 pags)",Otimo,32,0.34530480767670046,0.01192659829306127,139234.39159711864,0.08495569607819271
phases_sm_medium_p4,phases,sm,"Fases de acesso | Pequeno, 4 fases (2k refs, 200 pags)",Otimo,64,0.35975257047261844,0.0021745760858214104,93458.49104431065,0.016697343177350363
phases_sm_medium_p4,phases,sm,"Fases de acesso | Pequeno, 4 fases (2k refs, 200 pags)",Otimo,128,0.1147155420783795,0.0012368114622816457,67040.79530687707,0.010026259977107498
phases_sm_medium_p4,phases,sm,"Fases de acesso | Pequeno, 4 fases (2k refs, 200 pags)",Random,2,0.0746857357772798,0.0009419330830347616,105832.51883313121,0.00733104677594123
phases_sm_medium_p4,phases,sm,"Fases de acesso | Pequeno, 4 fases (2k refs, 200 pags)",Random,4,0.07619728722344438,0.002120300647477865,100920.53036144818,0.015896549219568873
phases_sm_medium_p4,phases,sm,"Fases de acesso | Pequeno, 4 fases (2k refs, 200 pags)",Random,8,0.07205445498353788,0.0006058132337454339,91352.50078202777,0.004124450181471454
phases_sm_medium_p4,phases,sm,"Fases de acesso | Pequeno, 4 fases (2k refs, 200 pags)",Random,16,0.06330651090338477,0.0006227917459970688,78416.44042461092,0.006388143348669559
phases_sm_medium_p4,phases,sm,"Fases de acesso | Pequeno, 4 fases (2k refs, 200 pags)",Random,32,0.04205652640770749,0.00052042114439383,52088.29197985767,0.0036152121427366606
phases_sm_medium_p4,phases,sm,"Fases de acesso | Pequeno, 4 fases (2k refs, 200 pags)",Random,64,0.0226604398398061,0.00017667999565888212,29240.157174305932,0.0013334871659668858
phases_sm_medium_p4,phases,sm,"Fases de acesso | Pequeno, 4 fases (2k refs, 200 pags)",Random,128,0.017437877509899835,0.00021223363701012476,26064.121010329043,0.001441234093354245
phases_sm_tight_p2,phases,sm,"Fases de acesso | Pequeno, 2 fases (2k refs, 50 pags)",Clock,2,0.04365155369255035,0.0005716956039579885,58040.302778370504,0.004365165770510522
phases_sm_tight_p2,phases,sm,"Fases de acesso | Pequeno, 2 fases (2k refs, 50 pags)",Clock,4,0.049395813391478215,0.0006030182867446612,53280.34311586849,0.003009832290025203
phases_sm_tight_p2,phases,sm,"Fases de acesso | Pequeno, 2 fases (2k refs, 50 pags)",Clock,8,0.05138782171095894,0.0007008908783422266,43728.357482466075,0.004858933675331737
phases_sm_tight_p2,phases,sm,"Fases de acesso | Pequeno, 2 fases (2k refs, 50 pags)",Clock,16,0.03869346656541775,0.0011905736934509443,24168.268512377534,0.008629490146488214
phases_sm_tight_p2,phases,sm,"Fases de acesso | Pequeno, 2 fases (2k refs, 50 pags)",Clock,32,0.022679002067289046,0.003328042806352311,2376.1571565112595,0.023118636440308742
phases_sm_tight_p2,phases,sm,"Fases de acesso | Pequeno, 2 fases (2k refs, 50 pags)",Clock,64,0.02196192645530029,0.0030380322596553428,3064.15218779509,0.021032808675579155
phases_sm_tight_p2,phases,sm,"Fases de acesso | Pequeno, 2 fases (2k refs, 50 pags)",Clock,128,0.022136092858250994,0.0021840687548766945,3384.153673814828,0.01515114832217629
phases_sm_tight_p2,phases,sm,"Fases de acesso | Pequeno, 2 fases (2k refs, 50 pags)",FIFO,2,0.008125268951922254,9.973918089485163e-05,24.055801193516547,0.0007095057383243126
phases_sm_tight_p2,phases,sm,"Fases de acesso | Pequeno, 2 fases (2k refs, 50 pags)",FIFO,4,0.007957035374067386,0.00032960036731308244,32.05473561087428,0.0023239545728045274
phases_sm_tight_p2,phases,sm,"Fases de acesso | Pequeno, 2 fases (2k refs, 50 pags)",FIFO,8,0.011731892678618527,0.00013818400714071891,48.08074017553024,0.001021852721132414
phases_sm_tight_p2,phases,sm,"Fases de acesso | Pequeno, 2 fases (2k refs, 50 pags)",FIFO,16,0.013904497372253414,9.718528327351203e-05,80.0957368771445,0.0009667733742909622
phases_sm_tight_p2,phases,sm,"Fases de acesso | Pequeno, 2 fases (2k refs, 50 pags)",FIFO,32,0.017677718985120355,0.0002094999443874358,144.12177343765663,0.0017767317443336073
phases_sm_tight_p2,phases,sm,"Fases de acesso | Pequeno, 2 fases (2k refs, 50 pags)",FIFO,64,0.027542333945490955,0.00010928944112362498,272.18981254372426,0.0018449276163637633
phases_sm_tight_p2,phases,sm,"Fases de acesso | Pequeno, 2 fases (2k refs, 50 pags)",FIFO,128,0.02842305233941761,0.0005030984609516486,528.1966087157098,0.003831207308417591
phases_sm_tight_p2,phases,sm,"Fases de acesso | Pequeno, 2 fases (2k refs, 50 pags)",LFU,2,0.15574592141703109,0.01582452885365594,164241.07859873958,0.10731340373136723
phases_sm_tight_p2,phases,sm,"Fases de acesso | Pequeno, 2 fases (2k refs, 50 pags)",LFU,4,0.1671650282231824,0.002787925083838007,159997.15884141013,31.85732278388728
phases_sm_tight_p2,phases,sm,"Fases de acesso | Pequeno, 2 fases (2k refs, 50 pags)",LFU,8,0.24389882399568416,0.003464689905883299,149521.68915681724,0.026289211546377617
phases_sm_tight_p2,phases,sm,"Fases de acesso | Pequeno, 2 fases (2k refs, 50 pags)",LFU,16,0.3448587252518344,0.013976946148209313,129266.39063639389,0.09558634769365243
phases_sm_tight_p2,phases,sm,"Fases de acesso | Pequeno, 2 fases (2k refs, 50 pags)",LFU,32,0.31460271783712446,0.0035937830448138797,92818.18073207674,0.02516361478170824
phases_sm_tight_p2,phases,sm,"Fases de acesso | Pequeno, 2 fases (2k refs, 50 pags)",LFU,64,0.05392987847084372,0.0010317398447703859,50336.37429703273,0.008267974960588826
phases_sm_tight_p2,phases,sm,"Fases de acesso | Pequeno, 2 fases (2k refs, 50 pags)",LFU,128,0.05435066354344943,0.0006489097771275125,50336.37793449006,0.004478114018857404
phases_sm_tight_p2,phases,sm,"Fases de acesso | Pequeno, 2 fases (2k refs, 50 pags)",LRU,2,0.06077347805283164,0.00108897519852955,80208.4227566084,0.008488333211067015
phases_sm_tight_p2,phases,sm,"Fases de acesso | Pequeno, 2 fases (2k refs, 50 pags)",LRU,4,0.06677410744892626,0.0013627822057767213,80208.46409229553,0.011422053016722004
phases_sm_tight_p2,phases,sm,"Fases de acesso | Pequeno, 2 fases (2k refs, 50 pags)",LRU,8,0.0745948275139229,0.0009234284387335085,80208.51874690627,0.01115939949048496
phases_sm_tight_p2,phases,sm,"Fases de acesso | Pequeno, 2 fases (2k refs, 50 pags)",LRU,16,0.06324924713546473,0.0015612211231166705,80352.4395886613,0.011959765699233243
phases_sm_tight_p2,phases,sm,"Fases de acesso | Pequeno, 2 fases (2k refs, 50 pags)",LRU,32,0.054492288072204145,0.000461640232928501,81200.37891576005,0.0058290792658083545
phases_sm_tight_p2,phases,sm,"Fases de acesso | Pequeno, 2 fases (2k refs, 50 pags)",LRU,64,0.053614208519243436,0.000826625590217365,81128.37297934174,0.0066596121972307696
phases_sm_tight_p2,phases,sm,"Fases de acesso | Pequeno, 2 fases (2k refs, 50 pags)",LRU,128,0.053731406444839716,0.0004633183388162466,81128.37295325022,0.004675562477957124
phases_sm_tight_p2,phases,sm,"Fases de acesso | Pequeno, 2 fases (2k refs, 50 pags)",Otimo,2,0.09497435754315134,0.004272071013184856,58352.661000284155,0.030817104325571346
phases_sm_tight_p2,phases,sm,"Fases de acesso | Pequeno, 2 fases (2k refs, 50 pags)",Otimo,4,0.1112849710905007,0.0022582342683173475,54448.7711672805,0.017075415760927765
phases_sm_tight_p2,phases,sm,"Fases de acesso | Pequeno, 2 fases (2k refs, 50 pags)",Otimo,8,0.13495372514711032,0.002109397107679854,45584.935521497675,0.01627413618790623
phases_sm_tight_p2,phases,sm,"Fases de acesso | Pequeno, 2 fases (2k refs, 50 pags)",Otimo,16,0.1500027568307124,0.002208489025692978,31809.039873566748,0.01648700170201576
phases_sm_tight_p2,phases,sm,"Fases de acesso | Pequeno, 2 fases (2k refs, 50 pags)",Otimo,32,0.01798936380096846,0.0004347256462760132,2864.1246071627097,0.0029281103583932017
phases_sm_tight_p2,phases,sm,"Fases de acesso | Pequeno, 2 fases (2k refs, 50 pags)",Otimo,64,0.010942543133940484,7.985742815870957e-05,2800.0758322993797,0.0006715694623432101
phases_sm_tight_p2,phases,sm,"Fases de acesso | Pequeno, 2 fases (2k refs, 50 pags)",Otimo,128,0.01091452049439166,0.00010591904091246821,2800.0755627269787,0.0008679760711685764
phases_sm_tight_p2,phases,sm,"Fases de acesso | Pequeno, 2 fases (2k refs, 50 pags)",Random,2,0.06201923788030256,0.0011171044515863664,58488.43126061846,0.009168959893629263
phases_sm_tight_p2,phases,sm,"Fases de acesso | Pequeno, 2 fases (2k refs, 50 pags)",Random,4,0.06204368705830926,0.0008521758568396925,53784.43142839764,0.006624701980899411
phases_sm_tight_p2,phases,sm,"Fases de acesso | Pequeno, 2 fases (2k refs, 50 pags)",Random,8,0.05753479807466607,0.0013389467795541145,44280.40022802207,0.006319962757921344
phases_sm_tight_p2,phases,sm,"Fases de acesso | Pequeno, 2 fases (2k refs, 50 pags)",Random,16,0.03730085498672828,0.000564425976891612,23840.258719388614,0.0043570183720381015
phases_sm_tight_p2,phases,sm,"Fases de acesso | Pequeno, 2 fases (2k refs, 50 pags)",Random,32,0.011996535860169735,0.00011431785058415866,3336.0830862414296,0.0008138220964395774
phases_sm_tight_p2,phases,sm,"Fases de acesso | Pequeno, 2 fases (2k refs, 50 pags)",Random,64,0.0107701541992694,9.823827170221422e-05,3720.0745665693894,0.0005673592963357842
phases_sm_tight_p2,phases,sm,"Fases de acesso | Pequeno, 2 fases (2k refs, 50 pags)",Random,128,0.01081461260590675,0.00013342103823414181,3704.0749801121283,25.498137973632836
phases_xl_wide_p8,phases,xl,"Fases de acesso | Massivo, 8 fases, universo amplo (1M refs, 500 pags)",Clock,2,25.83252546397436,0.22497492504630462,66191640.95179486,2.2649806611818892
phases_xl_wide_p8,phases,xl,"Fases de acesso | Massivo, 8 fases, universo amplo (1M refs, 500 pags)",Clock,4,33.00760365483872,0.22796653387282031,64789999.58709677,0.8059042635337612
phases_xl_wide_p8,phases,xl,"Fases de acesso | Massivo, 8 fases, universo amplo (1M refs, 500 pags)",Clock,8,41.338542476,0.36927054452129726,61940580.992,0.9993212886432448
phases_xl_wide_p8,phases,xl,"Fases de acesso | Massivo, 8 fases, universo amplo (1M refs, 500 pags)",Clock,16,38.13253207336182,0.45473452101291023,56299305.34472935,5.291114447363612
phases_xl_wide_p8,phases,xl,"Fases de acesso | Massivo, 8 fases, universo amplo (1M refs, 500 pags)",Clock,32,27.012777370128028,0.22552520648297164,44981199.79516358,3.8053413591657548
phases_xl_wide_p8,phases,xl,"Fases de acesso | Massivo, 8 fases, universo amplo (1M refs, 500 pags)",Clock,64,13.091923630187921,4.091850067695482,23764722.06190005,28.239853161451087
phases_xl_wide_p8,phases,xl,"Fases de acesso | Massivo, 8 fases, universo amplo (1M refs, 500 pags)",Clock,128,10.355901906166558,0.286045958355385,23765039.36731214,1.891388278383874
phases_xl_wide_p8,phases,xl,"Fases de acesso | Massivo, 8 fases, universo amplo (1M refs, 500 pags)",FIFO,2,3.809396987847136,0.05340478696239937,50.12196186890126,0.4404469753500798
phases_xl_wide_p8,phases,xl,"Fases de acesso | Massivo, 8 fases, universo amplo (1M refs, 500 pags)",FIFO,4,3.9265950435294115,0.004817996694258126,58.886274509803926,1.1323475694124854e-14
phases_xl_wide_p8,phases,xl,"Fases de acesso | Massivo, 8 fases, universo amplo (1M refs, 500 pags)",FIFO,8,4.732958332106769,0.019923811802235968,80.3856031476348,0.1119313362562778
phases_xl_wide_p8,phases,xl,"Fases de acesso | Massivo, 8 fases, universo amplo (1M refs, 500 pags)",FIFO,16,7.830947475,0.011228896429211205,133.6375,0.2551064771335323
phases_xl_wide_p8,phases,xl,"Fases de acesso | Massivo, 8 fases, universo amplo (1M refs, 500 pags)",FIFO,32,12.305144741291453,0.20982234482303744,227.89970505327543,1.2921875531915725
phases_xl_wide_p8,phases,xl,"Fases de acesso | Massivo, 8 fases, universo amplo (1M refs, 500 pags)",FIFO,64,16.98922798589519,0.15120442863886277,387.68328852522893,2.05367513780948
phases_xl_wide_p8,phases,xl,"Fases de acesso | Massivo, 8 fases, universo amplo (1M refs, 500 pags)",FIFO,128,24.83604252195122,0.05500526696091485,695.2195121951219,1.8117561110599767e-13
phases_xl_wide_p8,phases,xl,"Fases de acesso | Massivo, 8 fases, universo amplo (1M refs, 500 pags)",LFU,2,88.25569387499999,1.5868614792882156,157698368.53333333,1.699880024220772
phases_xl_wide_p8,phases,xl,"Fases de acesso | Massivo, 8 fases, universo amplo (1M refs, 500 pags)",LFU,4,107.47924275,3.2467199220302945,157502644.48000005,2.498303233241744
phases_xl_wide_p8,phases,xl,"Fases de acesso | Massivo, 8 fases, universo amplo (1M refs, 500 pags)",LFU,8,150.16786254285714,3.7585495277937637,157108893.25714287,4.832455066896481
phases_xl_wide_p8,phases,xl,"Fases de acesso | Massivo, 8 fases, universo amplo (1M refs, 500 pags)",LFU,16,227.22230424000003,1.8040994947810387,156311383.68,4.079712077127493
phases_xl_wide_p8,phases,xl,"Fases de acesso | Massivo, 8 fases, universo amplo (1M refs, 500 pags)",LFU,32,392.83345983333334,16.89923562218171,154735155.2,7.789828905099585
phases_xl_wide_p8,phases,xl,"Fases de acesso | Massivo, 8 fases, universo amplo (1M refs, 500 pags)",LFU,64,775.3946152,7.427584691555649,151712176.4,10.058870414536432
phases_xl_wide_p8,phases,xl,"Fases de acesso | Massivo, 8 fases, universo amplo (1M refs, 500 pags)",LFU,128,1121.8714343,52.044472192477606,168809698.4,46.68678029930443
phases_xl_wide_p8,phases,xl,"Fases de acesso | Massivo, 8 fases, universo amplo (1M refs, 500 pags)",LRU,2,30.957755408712124,0.2566786994760095,64127458.5969697,3.4785059654215367
phases_xl_wide_p8,phases,xl,"Fases de acesso | Massivo, 8 fases, universo amplo (1M refs, 500 pags)",LRU,4,34.75529571724138,0.2040897967512041,64505742.56551723,0.7033986354614536
phases_xl_wide_p8,phases,xl,"Fases de acesso | Massivo, 8 fases, universo amplo (1M refs, 500 pags)",LRU,8,41.63847702892977,3.6827586001361534,65279851.58528429,27.89356020123194
phases_xl_wide_p8,phases,xl,"Fases de acesso | Massivo, 8 fases, universo amplo (1M refs, 500 pags)",LRU,16,41.818850748,0.9196308397656378,66809242.50133333,9.225545862636835
phases_xl_wide_p8,phases,xl,"Fases de acesso | Massivo, 8 fases, universo amplo (1M refs, 500 pags)",LRU,32,33.736555353615124,1.5469910335120665,69873015.40022247,12.146492282035135
phases_xl_wide_p8,phases,xl,"Fases de acesso | Massivo, 8 fases, universo amplo (1M refs, 500 pags)",LRU,64,28.094450997222225,0.16051475104777949,75622928.44444445,0.7082833513410051
phases_xl_wide_p8,phases,xl,"Fases de acesso | Massivo, 8 fases, universo amplo (1M refs, 500 pags)",LRU,128,28.086737473873875,0.2387724367424142,75621919.74774773,2.6979931746835892
phases_xl_wide_p8,phases,xl,"Fases de acesso | Massivo, 8 fases, universo amplo (1M refs, 500 pags)",Otimo,2,60.159510189542495,1.662480781830272,88457701.6366013,10.718501909078924
phases_xl_wide_p8,phases,xl,"Fases de acesso | Massivo, 8 fases, universo amplo (1M refs, 500 pags)",Otimo,4,69.10248114000001,1.8833895446042939,107444445.01333332,1.0199280216565783
phases_xl_wide_p8,phases,xl,"Fases de acesso | Massivo, 8 fases, universo amplo (1M refs, 500 pags)",Otimo,8,88.90984695530304,3.901798400675469,141913862.88484848,41.24552858820486
phases_xl_wide_p8,phases,xl,"Fases de acesso | Massivo, 8 fases, universo amplo (1M refs, 500 pags)",Otimo,16,171.37432355476193,7.553918063646796,169609008.15238097,105.80804009532275
phases_xl_wide_p8,phases,xl,"Fases de acesso | Massivo, 8 fases, universo amplo (1M refs, 500 pags)",Otimo,32,223.71373074,3.505587268531721,239639768.96000004,4.9966064432162245
phases_xl_wide_p8,phases,xl,"Fases de acesso | Massivo, 8 fases, universo amplo (1M refs, 500 pags)",Otimo,64,242.47333064642856,139.22761325600953,200357125.7142857,239283569.39673716
phases_xl_wide_p8,phases,xl,"Fases de acesso | Massivo, 8 fases, universo amplo (1M refs, 500 pags)",Otimo,128,130.97958694999997,1.908356939044395,31877280.8,2.5498200458299776
phases_xl_wide_p8,phases,xl,"Fases de acesso | Massivo, 8 fases, universo amplo (1M refs, 500 pags)",Random,2,39.02560434530627,2.166362178664741,77308560.57677492,16.81213731747312
phases_xl_wide_p8,phases,xl,"Fases de acesso | Massivo, 8 fases, universo amplo (1M refs, 500 pags)",Random,4,41.67951222000001,0.42439486719382996,75098099.02933334,9.712534954946818
phases_xl_wide_p8,phases,xl,"Fases de acesso | Massivo, 8 fases, universo amplo (1M refs, 500 pags)",Random,8,44.58811733478261,0.5134300701931281,70718005.07826087,1.0862187995906774
phases_xl_wide_p8,phases,xl,"Fases de acesso | Massivo, 8 fases, universo amplo (1M refs, 500 pags)",Random,16,37.384291076058204,0.5744264412307007,62047949.489947096,6.616839999569109
phases_xl_wide_p8,phases,xl,"Fases de acesso | Massivo, 8 fases, universo amplo (1M refs, 500 pags)",Random,32,25.256966595,0.07228724894733154,44614741.28000001,0.6245758083104359
phases_xl_wide_p8,phases,xl,"Fases de acesso | Massivo, 8 fases, universo amplo (1M refs, 500 pags)",Random,64,6.700455720594728,0.057874283393859624,11970070.271522868,0.5862590583508672
phases_xl_wide_p8,phases,xl,"Fases de acesso | Massivo, 8 fases, universo amplo (1M refs, 500 pags)",Random,128,6.320756775048004,0.062484764108057825,11916651.697446229,0.5371687297806252
random_lg_huge,random,lg,"Acesso aleatorio | Grande, universo enorme (100k refs, 2000 pags)",Clock,2,2.8057277418687443,0.17962052057628175,7694599.453395067,30.61952423837799
random_lg_huge,random,lg,"Acesso aleatorio | Grande, universo enorme (100k refs, 2000 pags)",Clock,4,3.550901123377347,0.2859602940429257,7689460.599684119,29.838180213511894
random_lg_huge,random,lg,"Acesso aleatorio | Grande, universo enorme (100k refs, 2000 pags)",Clock,8,4.267845127972874,0.1005384991811649,7679705.515162927,31.16932417286257
random_lg_huge,random,lg,"Acesso aleatorio | Grande, universo enorme (100k refs, 2000 pags)",Clock,16,4.712247419549195,0.031403224558836845,7659976.587411009,0.2762280422947867
random_lg_huge,random,lg,"Acesso aleatorio | Grande, universo enorme (100k refs, 2000 pags)",Clock,32,4.6902907444016115,0.054193815577804484,7622728.495932145,0.44561353320802805
random_lg_huge,random,lg,"Acesso aleatorio | Grande, universo enorme (100k refs, 2000 pags)",Clock,64,4.748209518773756,0.26528557907045064,7549748.876322815,29.970103890826362
random_lg_huge,random,lg,"Acesso aleatorio | Grande, universo enorme (100k refs, 2000 pags)",Clock,128,4.576559273112602,0.028482581040515213,7400447.69367897,0.2415733032387079
random_lg_huge,random,lg,"Acesso aleatorio | Grande, universo enorme (100k refs, 2000 pags)",FIFO,2,0.36294410169353214,0.0020582018430507806,26.49787329248871,0.01921071347906447
random_lg_huge,random,lg,"Acesso aleatorio | Grande, universo enorme (100k refs, 2000 pags)",FIFO,4,0.36269172159612595,0.0019093957570339745,34.49159451146143,0.014701399843710826
random_lg_huge,random,lg,"Acesso aleatorio | Grande, universo enorme (100k refs, 2000 pags)",FIFO,8,0.40792007274551745,0.007883375553699432,50.804546556345386,0.04724722237292332
random_lg_huge,random,lg,"Acesso aleatorio | Grande, universo enorme (100k refs, 2000 pags)",FIFO,16,0.6520591871036225,0.0005439541078940418,84.4848805957304,0.019780537560552126
random_lg_huge,random,lg,"Acesso aleatorio | Grande, universo enorme (100k refs, 2000 pags)",FIFO,32,1.196147585645919,0.02704353243077167,152.2378713314738,0.19262676254290273
random_lg_huge,random,lg,"Acesso aleatorio | Grande, universo enorme (100k refs, 2000 pags)",FIFO,64,1.9193616467299488,0.007987051108031027,285.1898097551674,0.10785528328715127
random_lg_huge,random,lg,"Acesso aleatorio | Grande, universo enorme (100k refs, 2000 pags)",FIFO,128,3.5947615557029287,0.5617046969391497,552.654292485284,3.766965111319975
random_lg_huge,random,lg,"Acesso aleatorio | Grande, universo enorme (100k refs, 2000 pags)",LFU,2,8.367511486696177,0.8291073038711003,19363329.828439496,5.546455591664847
random_lg_huge,random,lg,"Acesso aleatorio | Grande, universo enorme (100k refs, 2000 pags)",LFU,4,10.045642482737863,0.10625003225090011,20966461.01785313,0.8418696848621866
random_lg_huge,random,lg,"Acesso aleatorio | Grande, universo enorme (100k refs, 2000 pags)",LFU,8,15.997029912798416,0.1740046916905596,24195246.049974393,1.6865343572237514
random_lg_huge,random,lg,"Acesso aleatorio | Grande, universo enorme (100k refs, 2000 pags)",LFU,16,26.131946774358973,0.13908526206459407,36808305.47692307,0.5992176055732916
random_lg_huge,random,lg,"Acesso aleatorio | Grande, universo enorme (100k refs, 2000 pags)",LFU,32,46.290888827272724,0.6781542961766582,61628155.2,1.4842558679870452
random_lg_huge,random,lg,"Acesso aleatorio | Grande, universo enorme (100k refs, 2000 pags)",LFU,64,84.49967604166667,0.25540808483718114,108877056.53333333,1.6998800337195916
random_lg_huge,random,lg,"Acesso aleatorio | Grande, universo enorme (100k refs, 2000 pags)",LFU,128,148.08176092857144,2.3038712917390445,196664299.42857143,0.0
random_lg_huge,random,lg,"Acesso aleatorio | Grande, universo enorme (100k refs, 2000 pags)",LRU,2,3.4277004710128494,0.046969095024543155,7002175.758256154,0.37792621081512634
random_lg_huge,random,lg,"Acesso aleatorio | Grande, universo enorme (100k refs, 2000 pags)",LRU,4,3.8930706339102508,0.1434608104212363,7003858.967762997,0.9459635065407279
random_lg_huge,random,lg,"Acesso aleatorio | Grande, universo enorme (100k refs, 2000 pags)",LRU,8,4.184379545805048,0.34429723062230316,7006964.962328712,2.4448663331885747
random_lg_huge,random,lg,"Acesso aleatorio | Grande, universo enorme (100k refs, 2000 pags)",LRU,16,4.033266631686731,0.5195122742583483,7013403.90335868,16.261270118102043
random_lg_huge,random,lg,"Acesso aleatorio | Grande, universo enorme (100k refs, 2000 pags)",LRU,32,4.217585503244611,0.03152964609760798,7025733.185724961,0.20566645156806165
random_lg_huge,random,lg,"Acesso aleatorio | Grande, universo enorme (100k refs, 2000 pags)",LRU,64,4.191558548503439,0.026156602883766852,7049773.030566685,0.18970019020997833
random_lg_huge,random,lg,"Acesso aleatorio | Grande, universo enorme (100k refs, 2000 pags)",LRU,128,4.1971156296700345,0.33610941406736305,7098381.039847083,2.3912220562649074
random_lg_huge,random,lg,"Acesso aleatorio | Grande, universo enorme (100k refs, 2000 pags)",Otimo,2,4.464242677641971,0.06453053001560793,7693726.806675682,0.49059589269351955
random_lg_huge,random,lg,"Acesso aleatorio | Grande, universo enorme (100k refs, 2000 pags)",Otimo,4,7.296016081563313,0.22556868887612258,13658802.43843484,1.6409058923628541
random_lg_huge,random,lg,"Acesso aleatorio | Grande, universo enorme (100k refs, 2000 pags)",Otimo,8,10.137941147344403,0.19596315037136952,19598661.84660373,1.206463267294487
random_lg_huge,random,lg,"Acesso aleatorio | Grande, universo enorme (100k refs, 2000 pags)",Otimo,16,15.339655393146222,0.4438667741445648,29920473.481705807,2.90608276004133
random_lg_huge,random,lg,"Acesso aleatorio | Grande, universo enorme (100k refs, 2000 pags)",Otimo,32,25.308856987567232,0.3254549534638955,54796797.063664794,3.4151437669485984
random_lg_huge,random,lg,"Acesso aleatorio | Grande, universo enorme (100k refs, 2000 pags)",Otimo,64,44.76571092608696,0.46415890311756086,99931261.21739131,1.4873663419949918
random_lg_huge,random,lg,"Acesso aleatorio | Grande, universo enorme (100k refs, 2000 pags)",Otimo,128,106.4111735479798,24.332505104310417,198475767.1757576,122.06774077017737
random_lg_huge,random,lg,"Acesso aleatorio | Grande, universo enorme (100k refs, 2000 pags)",Random,2,4.109809497028143,0.03246558692906793,9191348.392556872,0.22695382045999152
random_lg_huge,random,lg,"Acesso aleatorio | Grande, universo enorme (100k refs, 2000 pags)",Random,4,4.517412118259438,0.1487180733009795,9182519.247796422,0.9393074488648144
random_lg_huge,random,lg,"Acesso aleatorio | Grande, universo enorme (100k refs, 2000 pags)",Random,8,4.702517818083273,0.44251903272757975,9165280.516070133,66.77371039317262
random_lg_huge,random,lg,"Acesso aleatorio | Grande, universo enorme (100k refs, 2000 pags)",Random,16,4.960800558148063,0.2148636598207895,9135130.28477634,65.07801723241627
random_lg_huge,random,lg,"Acesso aleatorio | Grande, universo enorme (100k refs, 2000 pags)",Random,32,5.125071810399982,0.04241370189592079,9071803.402452547,0.3938682439110716
random_lg_huge,random,lg,"Acesso aleatorio | Grande, universo enorme (100k refs, 2000 pags)",Random,64,5.00006379205339,0.056384759312827555,8955226.570573127,0.507692005993845
random_lg_huge,random,lg,"Acesso aleatorio | Grande, universo enorme (100k refs, 2000 pags)",Random,128,4.563055013846473,0.04277426433096964,8710751.520843683,0.34095735388462467
random_lg_medium,random,lg,"Acesso aleatorio | Grande (100k refs, 100 pags)",Clock,2,2.521953899162547,0.022746205308291086,3134665.499130668,0.19324142446684608
random_lg_medium,random,lg,"Acesso aleatorio | Grande (100k refs, 100 pags)",Clock,4,2.9633733734222423,0.018894606196777783,3071948.5068478147,0.15717906307272056
random_lg_medium,random,lg,"Acesso aleatorio | Grande (100k refs, 100 pags)",Clock,8,3.945444307356296,0.03962896635694993,2943651.2638909873,0.24136137374866215
random_lg_medium,random,lg,"Acesso aleatorio | Grande (100k refs, 100 pags)",Clock,16,3.8482811011657603,0.05721636682194468,2688398.632180363,31.52794458828369
random_lg_medium,random,lg,"Acesso aleatorio | Grande (100k refs, 100 pags)",Clock,32,3.56933129236023,0.0384562534392155,2170744.7188945357,0.24703974942504178
random_lg_medium,random,lg,"Acesso aleatorio | Grande (100k refs, 100 pags)",Clock,64,2.4601030367800005,0.020088318696920168,1154145.0534176163,0.14615291681236892
random_lg_medium,random,lg,"Acesso aleatorio | Grande (100k refs, 100 pags)",Clock,128,1.0551126367394352,0.011277380609191102,5991.2606255724695,0.08537940868676804
random_lg_medium,random,lg,"Acesso aleatorio | Grande (100k refs, 100 pags)",FIFO,2,0.37406267072677213,0.004088633863221627,26.57200960895771,0.04007974988951189
random_lg_medium,random,lg,"Acesso aleatorio | Grande (100k refs, 100 pags)",FIFO,4,0.38255056502837526,0.004498256419379605,34.62684759066611,0.03531743251352289
random_lg_medium,random,lg,"Acesso aleatorio | Grande (100k refs, 100 pags)",FIFO,8,0.46683932689879687,0.0048376472850709855,51.206849201503076,0.0353458745260779
random_lg_medium,random,lg,"Acesso aleatorio | Grande (100k refs, 100 pags)",FIFO,16,0.676196590768777,0.0034205249803274246,84.64175902655155,0.029787063142326764
random_lg_medium,random,lg,"Acesso aleatorio | Grande (100k refs, 100 pags)",FIFO,32,1.173705837152044,0.0039665874336815635,152.06286707702992,0.03347261534851539
random_lg_medium,random,lg,"Acesso aleatorio | Grande (100k refs, 100 pags)",FIFO,64,2.117092887594519,0.2971994048043868,286.5594253017952,2.0682388159307106
random_lg_medium,random,lg,"Acesso aleatorio | Grande (100k refs, 100 pags)",FIFO,128,2.14994658714494,0.019196701698807037,542.7910934404315,0.14600364317011746
random_lg_medium,random,lg,"Acesso aleatorio | Grande (100k refs, 100 pags)",LFU,2,7.32124982776764,0.04153620854052117,8681482.593947764,0.4923526658723587
random_lg_medium,random,lg,"Acesso aleatorio | Grande (100k refs, 100 pags)",LFU,4,9.651244877417643,0.18735825662602332,8580350.402312223,30.859051553047497
random_lg_medium,random,lg,"Acesso aleatorio | Grande (100k refs, 100 pags)",LFU,8,12.325602691403192,0.05866594633218177,8378956.761457393,0.794672716274384
random_lg_medium,random,lg,"Acesso aleatorio | Grande (100k refs, 100 pags)",LFU,16,19.61309055716064,1.9088982396968392,7979570.306790352,45.476580402685165
random_lg_medium,random,lg,"Acesso aleatorio | Grande (100k refs, 100 pags)",LFU,32,29.178008972726424,1.3204927763648169,7180166.561643323,8.480754417729889
random_lg_medium,random,lg,"Acesso aleatorio | Grande (100k refs, 100 pags)",LFU,64,30.431393363458106,0.19566750544625486,5585024.60748663,3.9307419484722197
random_lg_medium,random,lg,"Acesso aleatorio | Grande (100k refs, 100 pags)",LFU,128,2.8454477909584965,0.03770875194038294,3804395.6922034808,0.2697292239920106
random_lg_medium,random,lg,"Acesso aleatorio | Grande (100k refs, 100 pags)",LRU,2,2.8000061542817756,0.03739446719405335,4000187.390641308,0.21359774994704803
random_lg_medium,random,lg,"Acesso aleatorio | Grande (100k refs, 100 pags)",LRU,4,3.026156597447538,0.026576671566808686,4000188.9440667243,0.2080188601025326
random_lg_medium,random,lg,"Acesso aleatorio | Grande (100k refs, 100 pags)",LRU,8,3.6326292210858826,0.07172806074937862,4000193.160836863,0.5175923469410348
random_lg_medium,random,lg,"Acesso aleatorio | Grande (100k refs, 100 pags)",LRU,16,3.54612105487533,0.039639683565028824,4000336.5049051777,0.2378890827436161
random_lg_medium,random,lg,"Acesso aleatorio | Grande (100k refs, 100 pags)",LRU,32,3.5535278613577574,0.027423386903575802,4000608.5795426397,0.2673969476055904
random_lg_medium,random,lg,"Acesso aleatorio | Grande (100k refs, 100 pags)",LRU,64,3.2759349385655967,0.03651917471571933,4001174.70148698,0.31465752244839484
random_lg_medium,random,lg,"Acesso aleatorio | Grande (100k refs, 100 pags)",LRU,128,2.979162647644318,0.06361020039313792,4002164.613579889,0.40347378894627145
random_lg_medium,random,lg,"Acesso aleatorio | Grande (100k refs, 100 pags)",Otimo,2,4.194624895635419,0.026341854462704185,3133773.0136171076,0.26825795337187
random_lg_medium,random,lg,"Acesso aleatorio | Grande (100k refs, 100 pags)",Otimo,4,4.350733944163903,0.2304453494772887,3069134.0755827096,1.58003594792301
random_lg_medium,random,lg,"Acesso aleatorio | Grande (100k refs, 100 pags)",Otimo,8,4.838362627254012,0.043545997807642234,2937041.4841977856,0.4582959173597532
random_lg_medium,random,lg,"Acesso aleatorio | Grande (100k refs, 100 pags)",Otimo,16,10.968393483659815,0.08102246983927693,2689547.5875776396,0.7284863979170804
random_lg_medium,random,lg,"Acesso aleatorio | Grande (100k refs, 100 pags)",Otimo,32,16.702805167843216,0.6182796081165539,2169026.658430209,4.222600156769181
random_lg_medium,random,lg,"Acesso aleatorio | Grande (100k refs, 100 pags)",Otimo,64,17.732051871052633,0.17757590632860915,1139673.7604010026,0.9813984516796452
random_lg_medium,random,lg,"Acesso aleatorio | Grande (100k refs, 100 pags)",Otimo,128,0.5170983339917867,0.0054816211216799126,5331.5644040018105,0.058146592807286006
random_lg_medium,random,lg,"Acesso aleatorio | Grande (100k refs, 100 pags)",Random,2,3.7283185583353715,0.03305670159625215,3135153.7722129044,0.2156705209688133
random_lg_medium,random,lg,"Acesso aleatorio | Grande (100k refs, 100 pags)",Random,4,3.7820674990093996,0.31165315043570696,3070090.0769335134,65.94093098211104
random_lg_medium,random,lg,"Acesso aleatorio | Grande (100k refs, 100 pags)",Random,8,4.128594336324681,0.03655917031714685,2943316.5478509525,0.28155248751798395
random_lg_medium,random,lg,"Acesso aleatorio | Grande (100k refs, 100 pags)",Random,16,3.9076237515425922,0.09753711648629848,2685371.033759099,0.766180361447726
random_lg_medium,random,lg,"Acesso aleatorio | Grande (100k refs, 100 pags)",Random,32,2.9564119128394664,0.02455439242420372,2171212.4902591747,0.14695246036019505
random_lg_medium,random,lg,"Acesso aleatorio | Grande (100k refs, 100 pags)",Random,64,1.8179141045946188,0.023671676365281925,1146900.5789344022,0.18205703480804547
random_lg_medium,random,lg,"Acesso aleatorio | Grande (100k refs, 100 pags)",Random,128,0.47343452247833806,0.005177639322874858,6787.2689331834645,0.04677566428138172
random_lg_wide,random,lg,"Acesso aleatorio | Grande, universo amplo (100k refs, 500 pags)",Clock,2,3.0614019042933243,0.017601624902534564,6748757.154270759,0.11804443905967564
random_lg_wide,random,lg,"Acesso aleatorio | Grande, universo amplo (100k refs, 500 pags)",Clock,4,4.1148425118671925,0.04363374585915376,6729772.506955288,0.3309821291765648
random_lg_wide,random,lg,"Acesso aleatorio | Grande, universo amplo (100k refs, 500 pags)",Clock,8,4.838877799645428,0.04920310166406181,6695297.530342981,0.35252074973816716
random_lg_wide,random,lg,"Acesso aleatorio | Grande, universo amplo (100k refs, 500 pags)",Clock,16,5.07976843704985,0.22553379473983381,6622487.137777865,33.45673183352622
random_lg_wide,random,lg,"Acesso aleatorio | Grande, universo amplo (100k refs, 500 pags)",Clock,32,4.8692065297635505,0.09894843224142418,6479873.670366852,0.7870387045310454
random_lg_wide,random,lg,"Acesso aleatorio | Grande, universo amplo (100k refs, 500 pags)",Clock,64,4.805476949086444,0.10713897756406286,6201141.155919537,31.189219419750867
random_lg_wide,random,lg,"Acesso aleatorio | Grande, universo amplo (100k refs, 500 pags)",Clock,128,4.268867131516259,0.04506671979414976,5644045.590590472,0.4490022361438952
random_lg_wide,random,lg,"Acesso aleatorio | Grande, universo amplo (100k refs, 500 pags)",FIFO,2,0.3671863957175901,0.0050841870829774725,26.521299785602302,0.03366054047802054
random_lg_wide,random,lg,"Acesso aleatorio | Grande, universo amplo (100k refs, 500 pags)",FIFO,4,0.3679958553716479,0.0036647230591024525,34.5347778331641,0.03481574394616778
random_lg_wide,random,lg,"Acesso aleatorio | Grande, universo amplo (100k refs, 500 pags)",FIFO,8,0.42728841614107604,0.004933635461281037,50.93377711937985,0.0343444371233431
random_lg_wide,random,lg,"Acesso aleatorio | Grande, universo amplo (100k refs, 500 pags)",FIFO,16,0.7087204085640593,0.017566399799249583,84.86759469914422,0.11207398757020172
random_lg_wide,random,lg,"Acesso aleatorio | Grande, universo amplo (100k refs, 500 pags)",FIFO,32,1.0834762315747224,0.017660893583669377,151.4376399186401,0.10674917905861642
random_lg_wide,random,lg,"Acesso aleatorio | Grande, universo amplo (100k refs, 500 pags)",FIFO,64,2.0030123652615437,0.17540585142154386,285.758781378226,1.208029360733248
random_lg_wide,random,lg,"Acesso aleatorio | Grande, universo amplo (100k refs, 500 pags)",FIFO,128,3.230211442513314,0.2366062051375831,550.1388560868561,1.6033696121175038
random_lg_wide,random,lg,"Acesso aleatorio | Grande, universo amplo (100k refs, 500 pags)",LFU,2,8.635871413058714,0.38360856645353136,17488931.56526193,2.6708610458681923
random_lg_wide,random,lg,"Acesso aleatorio | Grande, universo amplo (100k refs, 500 pags)",LFU,4,10.390359463284332,0.44029136201908214,17462319.868974,3.0259630422967554
random_lg_wide,random,lg,"Acesso aleatorio | Grande, universo amplo (100k refs, 500 pags)",LFU,8,15.229127212980206,0.1749509523536391,22107232.503407437,1.5117924845631705
random_lg_wide,random,lg,"Acesso aleatorio | Grande, universo amplo (100k refs, 500 pags)",LFU,16,25.431336461602562,0.26697354469480283,31163837.563076925,2.038912838014288
random_lg_wide,random,lg,"Acesso aleatorio | Grande, universo amplo (100k refs, 500 pags)",LFU,32,41.694200729,0.4979609929288923,48350698.762666665,9.252782888171108
random_lg_wide,random,lg,"Acesso aleatorio | Grande, universo amplo (100k refs, 500 pags)",LFU,64,70.34803810666668,0.6982397922356438,76347710.29333334,2.1769086071474577
random_lg_wide,random,lg,"Acesso aleatorio | Grande, universo amplo (100k refs, 500 pags)",LFU,128,110.85935315555555,2.4587522589185684,120821090.56000002,59.15582506020931
random_lg_wide,random,lg,"Acesso aleatorio | Grande, universo amplo (100k refs, 500 pags)",LRU,2,3.670306293835302,0.24731409873850294,6382609.467048585,1.6169192914803179
random_lg_wide,random,lg,"Acesso aleatorio | Grande, universo amplo (100k refs, 500 pags)",LRU,4,3.960951672579089,0.21597686569865973,6387827.406055963,1.4751323097498719
random_lg_wide,random,lg,"Acesso aleatorio | Grande, universo amplo (100k refs, 500 pags)",LRU,8,4.577117386376944,0.14044123625716354,6397223.660487594,0.9411540662771194
random_lg_wide,random,lg,"Acesso aleatorio | Grande, universo amplo (100k refs, 500 pags)",LRU,16,4.381359509551165,0.030964723987682678,6417314.253301686,19.275214677525256
random_lg_wide,random,lg,"Acesso aleatorio | Grande, universo amplo (100k refs, 500 pags)",LRU,32,4.106589902541276,0.07116347402279326,6456256.449394079,19.58815936975487
random_lg_wide,random,lg,"Acesso aleatorio | Grande, universo amplo (100k refs, 500 pags)",LRU,64,4.192687798660358,0.07785863158478376,6531696.967269775,18.599013169979028
random_lg_wide,random,lg,"Acesso aleatorio | Grande, universo amplo (100k refs, 500 pags)",LRU,128,4.0644929982435745,0.07279129950630567,6684428.108892956,0.47528844575705204
random_lg_wide,random,lg,"Acesso aleatorio | Grande, universo amplo (100k refs, 500 pags)",Otimo,2,5.476233295902561,0.9992486134025972,7926741.893534837,1884578.9203014744
random_lg_wide,random,lg,"Acesso aleatorio | Grande, universo amplo (100k refs, 500 pags)",Otimo,4,6.573416017082631,1.557053013029998,9079421.375034455,3757017.745959621
random_lg_wide,random,lg,"Acesso aleatorio | Grande, universo amplo (100k refs, 500 pags)",Otimo,8,10.366962393353976,0.09562807835405282,16046231.287706012,1.0078788417551217
random_lg_wide,random,lg,"Acesso aleatorio | Grande, universo amplo (100k refs, 500 pags)",Otimo,16,15.366428768717949,0.09092139734388234,24316089.665641025,1.5420940929002547
random_lg_wide,random,lg,"Acesso aleatorio | Grande, universo amplo (100k refs, 500 pags)",Otimo,32,24.317711112635386,0.680672381675506,40663030.50415147,4.298767632329594
random_lg_wide,random,lg,"Acesso aleatorio | Grande, universo amplo (100k refs, 500 pags)",Otimo,64,40.97037624083333,0.924349368318279,68784631.17866668,8.113896159722959
random_lg_wide,random,lg,"Acesso aleatorio | Grande, universo amplo (100k refs, 500 pags)",Otimo,128,73.5931627442857,3.9962760212979163,156945908.0685714,24.299063970306083
random_lg_wide,random,lg,"Acesso aleatorio | Grande, universo amplo (100k refs, 500 pags)",Random,2,4.412193075976163,0.033741235990277674,7927590.54941016,0.2564603860852523
random_lg_wide,random,lg,"Acesso aleatorio | Grande, universo amplo (100k refs, 500 pags)",Random,4,4.825996750176879,0.03967158117859324,7898537.340723343,0.32038619542320457
random_lg_wide,random,lg,"Acesso aleatorio | Grande, universo amplo (100k refs, 500 pags)",Random,8,5.079858467262381,0.3071343948788658,7847219.1622533,65.90222263501043
random_lg_wide,random,lg,"Acesso aleatorio | Grande, universo amplo (100k refs, 500 pags)",Random,16,5.022856904224516,0.3378468751476566,7734186.704446888,66.14763762449648
random_lg_wide,random,lg,"Acesso aleatorio | Grande, universo amplo (100k refs, 500 pags)",Random,32,4.8938571266222315,0.1364884366616643,7519289.86901809,0.9850531128816775
random_lg_wide,random,lg,"Acesso aleatorio | Grande, universo amplo (100k refs, 500 pags)",Random,64,4.68794787356531,0.07798725002271663,7088456.422235544,0.5695558265870755
random_lg_wide,random,lg,"Acesso aleatorio | Grande, universo amplo (100k refs, 500 pags)",Random,128,3.8995898764496553,0.10355150358978156,6227163.002302818,0.7513957622329328
random_md_huge,random,md,"Acesso aleatorio | Medio, universo enorme (10k refs, 2000 pags)",Clock,2,0.25924531726907735,0.013661546946262247,766857.7952823722,0.09443766058730217
random_md_huge,random,md,"Acesso aleatorio | Medio, universo enorme (10k refs, 2000 pags)",Clock,4,0.335469000761791,0.03310262126380139,766494.32095776,31.64698745869709
random_md_huge,random,md,"Acesso aleatorio | Medio, universo enorme (10k refs, 2000 pags)",Clock,8,0.40212182498072846,0.003781239676552232,765394.7821931599,0.025115792566982337
random_md_huge,random,md,"Acesso aleatorio | Medio, universo enorme (10k refs, 2000 pags)",Clock,16,0.4923010670991571,0.04833600359933181,763483.4089548753,0.3330444516895963
random_md_huge,random,md,"Acesso aleatorio | Medio, universo enorme (10k refs, 2000 pags)",Clock,32,0.42487606511518583,0.005053379279142038,760538.9390370722,0.03925036292703901
random_md_huge,random,md,"Acesso aleatorio | Medio, universo enorme (10k refs, 2000 pags)",Clock,64,0.44630647616692504,0.004313000068435324,753451.084794856,0.03437942870597258
random_md_huge,random,md,"Acesso aleatorio | Medio, universo enorme (10k refs, 2000 pags)",Clock,128,0.4244867030922033,0.005309830699884792,738906.9476184968,0.031732135493980795
random_md_huge,random,md,"Acesso aleatorio | Medio, universo enorme (10k refs, 2000 pags)",FIFO,2,0.03625641391784974,0.0001700172735032333,24.24934019746915,0.0012522489808996728
random_md_huge,random,md,"Acesso aleatorio | Medio, universo enorme (10k refs, 2000 pags)",FIFO,4,0.03719398315371143,0.001102503809481621,32.25619257014856,0.0064357265321449125
random_md_huge,random,md,"Acesso aleatorio | Medio, universo enorme (10k refs, 2000 pags)",FIFO,8,0.04271548653757592,0.0016361926798460933,48.29410692125937,0.011720666782210721
random_md_huge,random,md,"Acesso aleatorio | Medio, universo enorme (10k refs, 2000 pags)",FIFO,16,0.06625059151577088,0.0021846342533687977,80.4577064463687,0.01485684524983433
random_md_huge,random,md,"Acesso aleatorio | Medio, universo enorme (10k refs, 2000 pags)",FIFO,32,0.11964845079371911,0.0037936721206499554,144.82258945796906,0.02764920127454194
random_md_huge,random,md,"Acesso aleatorio | Medio, universo enorme (10k refs, 2000 pags)",FIFO,64,0.19125957206246536,0.0009627777166549283,273.31614701139335,0.013302850418147643
random_md_huge,random,md,"Acesso aleatorio | Medio, universo enorme (10k refs, 2000 pags)",FIFO,128,0.3254013018030414,0.004389720652430164,530.2323346469852,0.0294387425091358
random_md_huge,random,md,"Acesso aleatorio | Medio, universo enorme (10k refs, 2000 pags)",LFU,2,0.840112472670401,0.012424300827229966,1930181.8155830968,0.1004558104211871
random_md_huge,random,md,"Acesso aleatorio | Medio, universo enorme (10k refs, 2000 pags)",LFU,4,1.0479534648439313,0.010625822422123071,2134051.2749046357,31.9455083762992
random_md_huge,random,md,"Acesso aleatorio | Medio, universo enorme (10k refs, 2000 pags)",LFU,8,1.7235264585094263,0.018589359352137676,2763563.946796798,0.13437332012415745
random_md_huge,random,md,"Acesso aleatorio | Medio, universo enorme (10k refs, 2000 pags)",LFU,16,3.084786803508483,0.028346113231536865,3776085.347026476,0.20644671093950334
random_md_huge,random,md,"Acesso aleatorio | Medio, universo enorme (10k refs, 2000 pags)",LFU,32,5.629052114242841,0.2029185268473205,6227110.898469721,1.433238795881647
random_md_huge,random,md,"Acesso aleatorio | Medio, universo enorme (10k refs, 2000 pags)",LFU,64,9.96681305120152,0.18571769068496297,10730308.640846463,1.423914894886852
random_md_huge,random,md,"Acesso aleatorio | Medio, universo enorme (10k refs, 2000 pags)",LFU,128,18.51696121909091,0.2544993688171182,18700479.014141418,2.1626147559743467
random_md_huge,random,md,"Acesso aleatorio | Medio, universo enorme (10k refs, 2000 pags)",LRU,2,0.31085425502751163,0.034500331748116106,698466.1525779293,0.23774549439578044
random_md_huge,random,md,"Acesso aleatorio | Medio, universo enorme (10k refs, 2000 pags)",LRU,4,0.3679309836167021,0.04608405881659361,698550.5540023269,18.80374737696234
random_md_huge,random,md,"Acesso aleatorio | Medio, universo enorme (10k refs, 2000 pags)",LRU,8,0.4094488004417223,0.016681116715664992,698886.8342079872,19.010696322966727
random_md_huge,random,md,"Acesso aleatorio | Medio, universo enorme (10k refs, 2000 pags)",LRU,16,0.42440502179111184,0.04100832046499737,699654.9388943278,18.8424131044414
random_md_huge,random,md,"Acesso aleatorio | Medio, universo enorme (10k refs, 2000 pags)",LRU,32,0.43598824513240697,0.01371262579395444,700871.0178686341,19.02957513301554
random_md_huge,random,md,"Acesso aleatorio | Medio, universo enorme (10k refs, 2000 pags)",LRU,64,0.4466392107103652,0.003921995011615198,703675.0943633233,0.024696900183297118
random_md_huge,random,md,"Acesso aleatorio | Medio, universo enorme (10k refs, 2000 pags)",LRU,128,0.4034966596655307,0.016119470688837206,709414.7915104104,19.011993281516325
random_md_huge,random,md,"Acesso aleatorio | Medio, universo enorme (10k refs, 2000 pags)",Otimo,2,0.5980649950543813,0.013782291715339309,1068564.1390406932,0.09870755775049285
random_md_huge,random,md,"Acesso aleatorio | Medio, universo enorme (10k refs, 2000 pags)",Otimo,4,0.7113488110625366,0.020461149645319945,1364196.9326896756,0.13870438845319602
random_md_huge,random,md,"Acesso aleatorio | Medio, universo enorme (10k refs, 2000 pags)",Otimo,8,0.9933081725602184,0.021079356714985426,1950198.8761537187,0.13656470213709382
random_md_huge,random,md,"Acesso aleatorio | Medio, universo enorme (10k refs, 2000 pags)",Otimo,16,1.6129407394929731,0.02588034638264822,2999307.1679112357,0.1955666447944691
random_md_huge,random,md,"Acesso aleatorio | Medio, universo enorme (10k refs, 2000 pags)",Otimo,32,2.5978951135037165,0.026130871562610295,5430177.987698145,0.20367919534690374
random_md_huge,random,md,"Acesso aleatorio | Medio, universo enorme (10k refs, 2000 pags)",Otimo,64,4.768472692152577,0.07518740509534808,9827785.022545392,0.5212221486781288
random_md_huge,random,md,"Acesso aleatorio | Medio, universo enorme (10k refs, 2000 pags)",Otimo,128,9.63967171059524,0.1165380814755082,19638146.46019275,0.7874507464357371
random_md_huge,random,md,"Acesso aleatorio | Medio, universo enorme (10k refs, 2000 pags)",Random,2,0.40725499477084426,0.00419540590975468,916042.8229878912,0.02819358394317769
random_md_huge,random,md,"Acesso aleatorio | Medio, universo enorme (10k refs, 2000 pags)",Random,4,0.44307423208473135,0.0033158358290510796,914539.0655508132,0.018130740019786647
random_md_huge,random,md,"Acesso aleatorio | Medio, universo enorme (10k refs, 2000 pags)",Random,8,0.4965974554334701,0.006675104267442635,913275.4395567223,0.05076293680891383
random_md_huge,random,md,"Acesso aleatorio | Medio, universo enorme (10k refs, 2000 pags)",Random,16,0.5001634890505201,0.006729894132075827,911283.465361546,0.05379210066721266
random_md_huge,random,md,"Acesso aleatorio | Medio, universo enorme (10k refs, 2000 pags)",Random,32,0.4914714447946277,0.004371824659056835,904987.4083737191,0.02622853026592456
random_md_huge,random,md,"Acesso aleatorio | Medio, universo enorme (10k refs, 2000 pags)",Random,64,0.4953213555686973,0.006501577263896163,893627.4265877393,0.04426591001966562
random_md_huge,random,md,"Acesso aleatorio | Medio, universo enorme (10k refs, 2000 pags)",Random,128,0.45759868504061674,0.008979730965641045,871683.1703824935,0.05111470925090131
random_md_medium,random,md,"Acesso aleatorio | Medio (10k refs, 100 pags)",Clock,2,0.25584095360586545,0.05342691462767858,313465.77571450453,0.370407793276862
random_md_medium,random,md,"Acesso aleatorio | Medio (10k refs, 100 pags)",Clock,4,0.28038074926783635,0.02210369467077243,307501.9415656122,31.718962888145146
random_md_medium,random,md,"Acesso aleatorio | Medio (10k refs, 100 pags)",Clock,8,0.34785564566022176,0.0031550179050331283,294258.40984456893,0.02441741754974548
random_md_medium,random,md,"Acesso aleatorio | Medio (10k refs, 100 pags)",Clock,16,0.35954444843662947,0.018835042154567175,268906.489870477,0.13201683452759078
random_md_medium,random,md,"Acesso aleatorio | Medio (10k refs, 100 pags)",Clock,32,0.315932852150571,0.018042050954564546,216758.1880868855,31.748981122306315
random_md_medium,random,md,"Acesso aleatorio | Medio (10k refs, 100 pags)",Clock,64,0.20408250783078302,0.006640972890649907,115033.41478917286,0.04798352152697098
random_md_medium,random,md,"Acesso aleatorio | Medio (10k refs, 100 pags)",Clock,128,0.1092949073615715,0.01179566060593536,6024.75765906094,0.08135713419638169
random_md_medium,random,md,"Acesso aleatorio | Medio (10k refs, 100 pags)",FIFO,2,0.03765534687924173,0.0006371178308957766,24.25931685176503,0.004386121108965341
random_md_medium,random,md,"Acesso aleatorio | Medio (10k refs, 100 pags)",FIFO,4,0.03829881212637724,0.001568495168066776,32.263679883089466,0.010049991370817423
random_md_medium,random,md,"Acesso aleatorio | Medio (10k refs, 100 pags)",FIFO,8,0.04587514416403469,0.003475760348634595,48.31613431797505,0.023851521087227465
random_md_medium,random,md,"Acesso aleatorio | Medio (10k refs, 100 pags)",FIFO,16,0.07197915471891006,0.006334578179056783,80.49669014830643,0.03974879801947485
random_md_medium,random,md,"Acesso aleatorio | Medio (10k refs, 100 pags)",FIFO,32,0.11684843391541178,0.00035754293459777696,144.80371216920088,0.00552877611808814
random_md_medium,random,md,"Acesso aleatorio | Medio (10k refs, 100 pags)",FIFO,64,0.2077652224840642,0.0393131513063649,273.4271150660965,0.2712212438125459
random_md_medium,random,md,"Acesso aleatorio | Medio (10k refs, 100 pags)",FIFO,128,0.24240427077600124,0.04564196150344268,529.6652372361184,0.3123038539102365
random_md_medium,random,md,"Acesso aleatorio | Medio (10k refs, 100 pags)",LFU,2,0.7564797377926344,0.016443145768153172,865237.2351214942,0.11347152344853836
random_md_medium,random,md,"Acesso aleatorio | Medio (10k refs, 100 pags)",LFU,4,0.8811087053504872,0.04856142789226466,853422.0943580449,0.3347156848856697
random_md_medium,random,md,"Acesso aleatorio | Medio (10k refs, 100 pags)",LFU,8,1.3336947626952487,0.022297383751188556,828913.2211755163,0.15012048593354493
random_md_medium,random,md,"Acesso aleatorio | Medio (10k refs, 100 pags)",LFU,16,2.04849254784511,0.01576421362010806,780798.1934755439,0.13144052070586462
random_md_medium,random,md,"Acesso aleatorio | Medio (10k refs, 100 pags)",LFU,32,2.96320101920137,0.03133624213933938,676388.4944871257,0.21533636290771604
random_md_medium,random,md,"Acesso aleatorio | Medio (10k refs, 100 pags)",LFU,64,3.064130405904387,0.023405515757948706,468373.18686082214,0.14679170434414843
random_md_medium,random,md,"Acesso aleatorio | Medio (10k refs, 100 pags)",LFU,128,0.2796226154055078,0.01622321354543362,247629.93280854318,31.982039952326737
random_md_medium,random,md,"Acesso aleatorio | Medio (10k refs, 100 pags)",LRU,2,0.31322514432448934,0.011000384324064503,400186.1693036032,0.07150330851485694
random_md_medium,random,md,"Acesso aleatorio | Medio (10k refs, 100 pags)",LRU,4,0.34975384538905396,0.005331805652688484,400210.42216413375,0.03664331135177223
random_md_medium,random,md,"Acesso aleatorio | Medio (10k refs, 100 pags)",LRU,8,0.3680838135490069,0.0026689878222930057,400170.5479046803,0.021511988442904525
random_md_medium,random,md,"Acesso aleatorio | Medio (10k refs, 100 pags)",LRU,16,0.37083958467507283,0.00283215142494733,400314.56698547606,0.021467321107263883
random_md_medium,random,md,"Acesso aleatorio | Medio (10k refs, 100 pags)",LRU,32,0.3836430133065573,0.05359597059918628,400606.65432530956,32.24009603477551
random_md_medium,random,md,"Acesso aleatorio | Medio (10k refs, 100 pags)",LRU,64,0.2952704092780204,0.0073337384721247605,401130.0448837321,0.052828238470691784
random_md_medium,random,md,"Acesso aleatorio | Medio (10k refs, 100 pags)",LRU,128,0.2642810221754571,0.015938464361954403,402169.831982261,0.11213181392495124
random_md_medium,random,md,"Acesso aleatorio | Medio (10k refs, 100 pags)",Otimo,2,0.5483572501741276,0.004648763373087659,313843.7936121674,0.038947028636034116
random_md_medium,random,md,"Acesso aleatorio | Medio (10k refs, 100 pags)",Otimo,4,0.6206005547391823,0.024246086737470186,306420.30564289796,0.1691933930677429
random_md_medium,random,md,"Acesso aleatorio | Medio (10k refs, 100 pags)",Otimo,8,0.8348588383442103,0.017658886514405135,293237.78373942076,0.12093317921575318
random_md_medium,random,md,"Acesso aleatorio | Medio (10k refs, 100 pags)",Otimo,16,1.0925493637689392,0.01053006202862057,267815.57482855784,0.05553326700524302
random_md_medium,random,md,"Acesso aleatorio | Medio (10k refs, 100 pags)",Otimo,32,1.7155208899024554,0.021383496839956044,220155.8862311924,0.15141886979591326
random_md_medium,random,md,"Acesso aleatorio | Medio (10k refs, 100 pags)",Otimo,64,1.6665600817732027,0.02956968551177485,118731.53463718943,0.20496277664028073
random_md_medium,random,md,"Acesso aleatorio | Medio (10k refs, 100 pags)",Otimo,128,0.0684023061927775,0.011200216770933491,5379.263805180246,93.4354957097855
random_md_medium,random,md,"Acesso aleatorio | Medio (10k refs, 100 pags)",Random,2,0.3847610719680343,0.019823793347662426,313690.663376103,0.13639683115402346
random_md_medium,random,md,"Acesso aleatorio | Medio (10k refs, 100 pags)",Random,4,0.4035938398927635,0.00528112983394758,306970.79477215826,0.04202871942479213
random_md_medium,random,md,"Acesso aleatorio | Medio (10k refs, 100 pags)",Random,8,0.40767300004354146,0.003954915508833156,294042.8226465132,0.02307398188934008
random_md_medium,random,md,"Acesso aleatorio | Medio (10k refs, 100 pags)",Random,16,0.37479508232390946,0.0036341291048108864,269154.60030517395,0.02093324943738337
random_md_medium,random,md,"Acesso aleatorio | Medio (10k refs, 100 pags)",Random,32,0.31181417985274473,0.005423947361724335,218730.160574339,0.03666293583466425
random_md_medium,random,md,"Acesso aleatorio | Medio (10k refs, 100 pags)",Random,64,0.18818199309542,0.00316670003253516,118537.30518403808,0.021957075447535626
random_md_medium,random,md,"Acesso aleatorio | Medio (10k refs, 100 pags)",Random,128,0.059802100970216134,0.00937613289109712,6720.315713940514,12.09797388193838
random_md_tight,random,md,"Acesso aleatorio | Medio (10k refs, 20 pags)",Clock,2,0.20975159524589743,0.0011932395545240708,288281.45326015365,0.013297285747804304
random_md_tight,random,md,"Acesso aleatorio | Medio (10k refs, 20 pags)",Clock,4,0.244006324627473,0.0026732816970903932,256673.68902116115,0.020767301605240943
random_md_tight,random,md,"Acesso aleatorio | Medio (10k refs, 20 pags)",Clock,8,0.26775924019569985,0.0028705925596396666,192337.85432637646,0.021201363669308387
random_md_tight,random,md,"Acesso aleatorio | Medio (10k refs, 20 pags)",Clock,16,0.16381068835989265,0.0032431045436084383,63881.135056411185,0.02023905907014563
random_md_tight,random,md,"Acesso aleatorio | Medio (10k refs, 20 pags)",Clock,32,0.10449929919236381,0.001816200926823266,1104.7199834383384,0.014248386187372505
random_md_tight,random,md,"Acesso aleatorio | Medio (10k refs, 20 pags)",Clock,64,0.10825580131218808,0.007651998799591751,1264.7461019819461,0.04954371391608425
random_md_tight,random,md,"Acesso aleatorio | Medio (10k refs, 20 pags)",Clock,128,0.10427031607428434,0.0032246949868384527,1584.7190963661355,0.023950074084513967
random_md_tight,random,md,"Acesso aleatorio | Medio (10k refs, 20 pags)",FIFO,2,0.04138060539545569,0.0006809503927165182,24.28484133461729,0.004741791298744043
random_md_tight,random,md,"Acesso aleatorio | Medio (10k refs, 20 pags)",FIFO,4,0.04243307969982962,0.0007773865524310539,32.29208971727907,0.005649734351838844
random_md_tight,random,md,"Acesso aleatorio | Medio (10k refs, 20 pags)",FIFO,8,0.06555138884752186,0.0030630795046978263,48.45232149109962,0.019179135105291307
random_md_tight,random,md,"Acesso aleatorio | Medio (10k refs, 20 pags)",FIFO,16,0.10280424195624102,0.003990466353416936,80.70718944417382,0.026791501226819628
random_md_tight,random,md,"Acesso aleatorio | Medio (10k refs, 20 pags)",FIFO,32,0.1031356012275112,0.0010809395367243006,144.71038988527295,0.008701019188436111
random_md_tight,random,md,"Acesso aleatorio | Medio (10k refs, 20 pags)",FIFO,64,0.10436136469215582,0.0008365558897714678,272.71667872252954,0.007279980309070559
random_md_tight,random,md,"Acesso aleatorio | Medio (10k refs, 20 pags)",FIFO,128,0.10469978929304283,0.0010274565836842673,528.7195051830045,0.006220520852865614
random_md_tight,random,md,"Acesso aleatorio | Medio (10k refs, 20 pags)",LFU,2,0.9615328579950664,0.07051735179471365,1109366.6633275002,0.4921767047396696
random_md_tight,random,md,"Acesso aleatorio | Medio (10k refs, 20 pags)",LFU,4,0.7887011525671503,0.004294850061882529,771029.4712751969,0.03395963520179455
random_md_tight,random,md,"Acesso aleatorio | Medio (10k refs, 20 pags)",LFU,8,0.9832005423626666,0.014360040791327942,664094.8106142372,0.11132941874550357
random_md_tight,random,md,"Acesso aleatorio | Medio (10k refs, 20 pags)",LFU,16,0.6600285661988743,0.004690153042116534,456780.57425989315,0.04606251184935065
random_md_tight,random,md,"Acesso aleatorio | Medio (10k refs, 20 pags)",LFU,32,0.2736676675448017,0.005409056397096347,358177.89699765,0.0361099319800946
random_md_tight,random,md,"Acesso aleatorio | Medio (10k refs, 20 pags)",LFU,64,0.25560270665853774,0.0016906746179790905,358177.771954739,0.01623354983584626
random_md_tight,random,md,"Acesso aleatorio | Medio (10k refs, 20 pags)",LFU,128,0.2766761164334271,0.005503396686913247,358177.9180028516,0.03982787103781144
random_md_tight,random,md,"Acesso aleatorio | Medio (10k refs, 20 pags)",LRU,2,0.2894930505755573,0.016301284102884374,400170.006964183,0.11563042160469432
random_md_tight,random,md,"Acesso aleatorio | Medio (10k refs, 20 pags)",LRU,4,0.31450719001336935,0.0029184092644533428,400170.18022155866,0.021129217646706243
random_md_tight,random,md,"Acesso aleatorio | Medio (10k refs, 20 pags)",LRU,8,0.3382005883546745,0.0042014352555305775,400170.3433747072,0.036855220511957706
random_md_tight,random,md,"Acesso aleatorio | Medio (10k refs, 20 pags)",LRU,16,0.337055570290312,0.024666736966683304,464386.3321698612,0.1692208667110226
random_md_tight,random,md,"Acesso aleatorio | Medio (10k refs, 20 pags)",LRU,32,0.2517316402889498,0.0036333974399412965,400329.743433874,0.026264602370770444
random_md_tight,random,md,"Acesso aleatorio | Medio (10k refs, 20 pags)",LRU,64,0.23241933246624402,0.03113754708802878,400329.6104283712,0.21587752554812858
random_md_tight,random,md,"Acesso aleatorio | Medio (10k refs, 20 pags)",LRU,128,0.2785828996270779,0.04379606755110725,400329.92921701027,0.3019265798680932
random_md_tight,random,md,"Acesso aleatorio | Medio (10k refs, 20 pags)",Otimo,2,0.5013610626052659,0.01731430868629141,289171.4731422427,0.1215302186361115
random_md_tight,random,md,"Acesso aleatorio | Medio (10k refs, 20 pags)",Otimo,4,0.5458819763083294,0.053256877627413844,256403.77627390428,0.37252512522936365
random_md_tight,random,md,"Acesso aleatorio | Medio (10k refs, 20 pags)",Otimo,8,0.5877720055577924,0.006411514364794776,192596.07560889254,0.045918028227868994
random_md_tight,random,md,"Acesso aleatorio | Medio (10k refs, 20 pags)",Otimo,16,0.43776877006354287,0.09673742659624186,99187.03479250174,52195.488794299585
random_md_tight,random,md,"Acesso aleatorio | Medio (10k refs, 20 pags)",Otimo,32,0.048476382288499605,0.00462293683235076,928.334915257258,0.033699635702935486
random_md_tight,random,md,"Acesso aleatorio | Medio (10k refs, 20 pags)",Otimo,64,0.04822413447834466,0.004986144049710139,928.3330187428697,0.03577371940555545
random_md_tight,random,md,"Acesso aleatorio | Medio (10k refs, 20 pags)",Otimo,128,0.05168640587104355,0.007551182119483223,928.3578420475644,0.0515826558743107
random_md_tight,random,md,"Acesso aleatorio | Medio (10k refs, 20 pags)",Random,2,0.30321534796085986,0.003975702910255748,289210.1019757086,0.02656336975360148
random_md_tight,random,md,"Acesso aleatorio | Medio (10k refs, 20 pags)",Random,4,0.26556098239344694,0.0029322982549134873,255945.83997920115,0.024111039096970342
random_md_tight,random,md,"Acesso aleatorio | Medio (10k refs, 20 pags)",Random,8,0.26891521449598277,0.004614126357065802,192697.8649891227,0.03010278593121605
random_md_tight,random,md,"Acesso aleatorio | Medio (10k refs, 20 pags)",Random,16,0.12811343713888396,0.0019986289407315457,64704.88850508079,0.013826262872067398
random_md_tight,random,md,"Acesso aleatorio | Medio (10k refs, 20 pags)",Random,32,0.06186371249147132,0.008758425847629899,1275.6296902222653,15.354493253106982
random_md_tight,random,md,"Acesso aleatorio | Medio (10k refs, 20 pags)",Random,64,0.06170419010134528,0.008511394067904163,1275.617573841549,15.386262224658873
random_md_tight,random,md,"Acesso aleatorio | Medio (10k refs, 20 pags)",Random,128,0.061803299736625274,0.008564468660698932,1275.7598616380592,14.938184094800864
random_md_wide,random,md,"Acesso aleatorio | Medio, universo amplo (10k refs, 500 pags)",Clock,2,0.2593104602278131,0.004816662297059893,672665.7951049785,0.03422025100709506
random_md_wide,random,md,"Acesso aleatorio | Medio, universo amplo (10k refs, 500 pags)",Clock,4,0.3571204657031461,0.008453666157438313,671138.4721070967,0.059827037503710705
random_md_wide,random,md,"Acesso aleatorio | Medio, universo amplo (10k refs, 500 pags)",Clock,8,0.45546909414372916,0.01037338001855922,666915.1542447024,0.07951862856176471
random_md_wide,random,md,"Acesso aleatorio | Medio, universo amplo (10k refs, 500 pags)",Clock,16,0.4714922799948738,0.03409645987178738,660731.2605808348,0.23584695010464057
random_md_wide,random,md,"Acesso aleatorio | Medio, universo amplo (10k refs, 500 pags)",Clock,32,0.4560358900491316,0.006263107915977977,647179.1550403927,0.04807102202136097
random_md_wide,random,md,"Acesso aleatorio | Medio, universo amplo (10k refs, 500 pags)",Clock,64,0.44595447577599845,0.0248965795516703,619499.0884103801,0.1797552019650922
random_md_wide,random,md,"Acesso aleatorio | Medio, universo amplo (10k refs, 500 pags)",Clock,128,0.3895183720346591,0.004397023777297357,565802.6986996213,0.03673990305134553
random_md_wide,random,md,"Acesso aleatorio | Medio, universo amplo (10k refs, 500 pags)",FIFO,2,0.03663665781377152,0.0006023619425240804,24.252072385689736,0.004208724374132614
random_md_wide,random,md,"Acesso aleatorio | Medio, universo amplo (10k refs, 500 pags)",FIFO,4,0.038786653950930436,0.0035067221676931323,32.26740196281692,0.023872178615563518
random_md_wide,random,md,"Acesso aleatorio | Medio, universo amplo (10k refs, 500 pags)",FIFO,8,0.04308491480780301,0.001402496137670421,48.29664953360411,0.010457040582135103
random_md_wide,random,md,"Acesso aleatorio | Medio, universo amplo (10k refs, 500 pags)",FIFO,16,0.07318167147823183,0.003499359085931102,80.5053079495074,0.02181411903779417
random_md_wide,random,md,"Acesso aleatorio | Medio, universo amplo (10k refs, 500 pags)",FIFO,32,0.10757769943109055,0.0019158976307740339,144.74064797971963,0.0156293869755205
random_md_wide,random,md,"Acesso aleatorio | Medio, universo amplo (10k refs, 500 pags)",FIFO,64,0.19397606511130255,0.0024693339615853662,273.33422347413,0.019840532495770887
random_md_wide,random,md,"Acesso aleatorio | Medio, universo amplo (10k refs, 500 pags)",FIFO,128,0.30593669062295914,0.0052910064508613925,530.0997698951835,0.038998308431261064
random_md_wide,random,md,"Acesso aleatorio | Medio, universo amplo (10k refs, 500 pags)",LFU,2,0.8304304416922383,0.03387133919905463,1724117.7555262237,0.23264032333046533
random_md_wide,random,md,"Acesso aleatorio | Medio, universo amplo (10k refs, 500 pags)",LFU,4,1.1776886624065928,0.06449419667401124,2031444.1682321702,32.29721560339794
random_md_wide,random,md,"Acesso aleatorio | Medio, universo amplo (10k refs, 500 pags)",LFU,8,1.7668312917655933,0.049199194593000574,2483272.2265312118,32.193785142727506
random_md_wide,random,md,"Acesso aleatorio | Medio, universo amplo (10k refs, 500 pags)",LFU,16,2.6186735341782095,0.01775159429435388,2789490.0924172844,0.14706636150287533
random_md_wide,random,md,"Acesso aleatorio | Medio, universo amplo (10k refs, 500 pags)",LFU,32,4.571861830085981,0.1332221886586319,4786655.588141488,0.9648706212980863
random_md_wide,random,md,"Acesso aleatorio | Medio, universo amplo (10k refs, 500 pags)",LFU,64,7.689287558341886,0.14990982507619563,7792948.981029341,0.9511372269046084
random_md_wide,random,md,"Acesso aleatorio | Medio, universo amplo (10k refs, 500 pags)",LFU,128,12.65169077716772,0.10359641717978318,11940151.14886076,1.169920260565268
random_md_wide,random,md,"Acesso aleatorio | Medio, universo amplo (10k refs, 500 pags)",LRU,2,0.34075459251158313,0.022006091126868438,636514.3621534855,0.15045936030081966
random_md_wide,random,md,"Acesso aleatorio | Medio, universo amplo (10k refs, 500 pags)",LRU,4,0.40531343317984847,0.02575198403836967,636822.8080297969,18.950842089713785
random_md_wide,random,md,"Acesso aleatorio | Medio, universo amplo (10k refs, 500 pags)",LRU,8,0.4391835672908747,0.04131590491603205,638007.035924566,18.841745386724252
random_md_wide,random,md,"Acesso aleatorio | Medio, universo amplo (10k refs, 500 pags)",LRU,16,0.44334925008460857,0.02584167753097007,639755.0758564648,0.18218249083554197
random_md_wide,random,md,"Acesso aleatorio | Medio, universo amplo (10k refs, 500 pags)",LRU,32,0.43183713890349934,0.01638527641534225,643654.993283,19.00995464808546
random_md_wide,random,md,"Acesso aleatorio | Medio, universo amplo (10k refs, 500 pags)",LRU,64,0.4450335493442192,0.003365189941920837,651531.0830739388,0.0267795233568665
random_md_wide,random,md,"Acesso aleatorio | Medio, universo amplo (10k refs, 500 pags)",LRU,128,0.43409312562000146,0.007887679092438742,666667.0119536627,0.052790886186568846
random_md_wide,random,md,"Acesso aleatorio | Medio, universo amplo (10k refs, 500 pags)",Otimo,2,0.6224133031581622,0.005412025480011401,906340.3079369878,0.04075976747178331
random_md_wide,random,md,"Acesso aleatorio | Medio, universo amplo (10k refs, 500 pags)",Otimo,4,0.7631486198986842,0.007549349502381303,1142677.2843215396,0.05782635062960851
random_md_wide,random,md,"Acesso aleatorio | Medio, universo amplo (10k refs, 500 pags)",Otimo,8,1.0613535409547308,0.02584972394218739,1620247.3543541082,0.16943666456885376
random_md_wide,random,md,"Acesso aleatorio | Medio, universo amplo (10k refs, 500 pags)",Otimo,16,1.592717830887291,0.06915001469035954,2419947.0478162877,0.47966633511288287
random_md_wide,random,md,"Acesso aleatorio | Medio, universo amplo (10k refs, 500 pags)",Otimo,32,2.516036101517087,0.023499946620035777,4039969.4389022207,0.1325419987533874
random_md_wide,random,md,"Acesso aleatorio | Medio, universo amplo (10k refs, 500 pags)",Otimo,64,4.158840192592729,0.09538326519117911,6904044.768062155,0.577597898949966
random_md_wide,random,md,"Acesso aleatorio | Medio, universo amplo (10k refs, 500 pags)",Otimo,128,7.6939770373234335,0.19640688338531567,15425157.103375712,1.4534769248839916
random_md_wide,random,md,"Acesso aleatorio | Medio, universo amplo (10k refs, 500 pags)",Random,2,0.43629372130629634,0.007476610204152001,790043.0214252237,0.049033933608950205
random_md_wide,random,md,"Acesso aleatorio | Medio, universo amplo (10k refs, 500 pags)",Random,4,0.4757580212660651,0.006015528495194342,786651.2960818686,0.044986868665923906
random_md_wide,random,md,"Acesso aleatorio | Medio, universo amplo (10k refs, 500 pags)",Random,8,0.5143130086879005,0.016825327847525544,782059.5629526674,0.10663338760312902
random_md_wide,random,md,"Acesso aleatorio | Medio, universo amplo (10k refs, 500 pags)",Random,16,0.5340100309926858,0.01464837906167581,772931.6977783553,0.09942260120181783
random_md_wide,random,md,"Acesso aleatorio | Medio, universo amplo (10k refs, 500 pags)",Random,32,0.5015201516585897,0.009760317519662227,750363.4730529927,0.07175950571197724
random_md_wide,random,md,"Acesso aleatorio | Medio, universo amplo (10k refs, 500 pags)",Random,64,0.4703485414993923,0.011870715134168366,707995.2583410192,0.07507946066901823
random_md_wide,random,md,"Acesso aleatorio | Medio, universo amplo (10k refs, 500 pags)",Random,128,0.39749741672309213,0.007665291579231552,629186.7591712854,0.044586513410550234
random_sm_medium,random,sm,"Acesso aleatorio | Pequeno (2k refs, 100 pags)",Clock,2,0.045007870284659524,0.0008993938700772244,63000.311428436056,0.004936544527539746
random_sm_medium,random,sm,"Acesso aleatorio | Pequeno (2k refs, 100 pags)",Clock,4,0.05142435820525648,0.0014105045120798851,61504.35776892246,0.011259433464492095
random_sm_medium,random,sm,"Acesso aleatorio | Pequeno (2k refs, 100 pags)",Clock,8,0.05898488488212509,0.0007171806234618076,59088.410270415654,0.005690672376601986
random_sm_medium,random,sm,"Acesso aleatorio | Pequeno (2k refs, 100 pags)",Clock,16,0.058077629874910094,0.0008625331014323451,53608.40403579216,0.00909664041310445
random_sm_medium,random,sm,"Acesso aleatorio | Pequeno (2k refs, 100 pags)",Clock,32,0.05157648812537039,0.0009660352427127849,44072.35849489535,0.009150918885603494
random_sm_medium,random,sm,"Acesso aleatorio | Pequeno (2k refs, 100 pags)",Clock,64,0.03836107415317281,0.0013920897544005544,24920.266084085342,0.009824229086616164
random_sm_medium,random,sm,"Acesso aleatorio | Pequeno (2k refs, 100 pags)",Clock,128,0.023313307673560685,0.002144403454539485,6024.161786340433,0.014879142387149305
random_sm_medium,random,sm,"Acesso aleatorio | Pequeno (2k refs, 100 pags)",FIFO,2,0.007396268479569837,4.5799198636928974e-05,24.050771056223894,0.00029979191433107666
random_sm_medium,random,sm,"Acesso aleatorio | Pequeno (2k refs, 100 pags)",FIFO,4,0.008127833306656243,0.0005733934775376564,32.055960323900564,0.003891287750701413
random_sm_medium,random,sm,"Acesso aleatorio | Pequeno (2k refs, 100 pags)",FIFO,8,0.010154150746442811,0.0002710143980958241,48.06994504586369,0.0018656114465112597
random_sm_medium,random,sm,"Acesso aleatorio | Pequeno (2k refs, 100 pags)",FIFO,16,0.015139105276583653,0.00027714618586303816,80.10433340627762,0.0020454975308206026
random_sm_medium,random,sm,"Acesso aleatorio | Pequeno (2k refs, 100 pags)",FIFO,32,0.023110114556220623,0.00035543748037323723,144.15919463727695,0.003130002514940488
random_sm_medium,random,sm,"Acesso aleatorio | Pequeno (2k refs, 100 pags)",FIFO,64,0.04213064127957121,0.006364616656175827,272.29032202857536,0.043494768065273186
random_sm_medium,random,sm,"Acesso aleatorio | Pequeno (2k refs, 100 pags)",FIFO,128,0.04894705616523508,0.005655950554242986,528.3388098716252,0.04124071626981548
random_sm_medium,random,sm,"Acesso aleatorio | Pequeno (2k refs, 100 pags)",LFU,2,0.17112923591586846,0.02586366864331478,202353.18414305308,50027.64714471094
random_sm_medium,random,sm,"Acesso aleatorio | Pequeno (2k refs, 100 pags)",LFU,4,0.1956683876767903,0.005736592802768721,169233.355190929,0.037299626557688176
random_sm_medium,random,sm,"Acesso aleatorio | Pequeno (2k refs, 100 pags)",LFU,8,0.27212842851010405,0.0026119133620413912,163665.88371979183,0.024258276536896273
random_sm_medium,random,sm,"Acesso aleatorio | Pequeno (2k refs, 100 pags)",LFU,16,0.41502702864986096,0.022721080015459787,152306.87280948088,0.157227167981279
random_sm_medium,random,sm,"Acesso aleatorio | Pequeno (2k refs, 100 pags)",LFU,32,0.5635894985850387,0.008100752053361202,131027.90257156678,0.06407766632727555
random_sm_medium,random,sm,"Acesso aleatorio | Pequeno (2k refs, 100 pags)",LFU,64,0.6079951134867061,0.004545525127501347,94964.2093713338,0.043875403190905424
random_sm_medium,random,sm,"Acesso aleatorio | Pequeno (2k refs, 100 pags)",LFU,128,0.06079307585530451,0.0015367294275770043,55616.422353418355,0.01291582065792414
random_sm_medium,random,sm,"Acesso aleatorio | Pequeno (2k refs, 100 pags)",LRU,2,0.060141504149271365,0.001959365196375773,80208.41762854173,0.012893224592662546
random_sm_medium,random,sm,"Acesso aleatorio | Pequeno (2k refs, 100 pags)",LRU,4,0.0686603638302183,0.003614066167832907,80208.47737908839,0.02541928736045021
random_sm_medium,random,sm,"Acesso aleatorio | Pequeno (2k refs, 100 pags)",LRU,8,0.08021677953549912,0.005195767732899381,80208.55721368203,0.034308022896341925
random_sm_medium,random,sm,"Acesso aleatorio | Pequeno (2k refs, 100 pags)",LRU,16,0.07761711662649351,0.005097258309876148,80352.53923858437,0.036111304936163456
random_sm_medium,random,sm,"Acesso aleatorio | Pequeno (2k refs, 100 pags)",LRU,32,0.07584484421994372,0.0017409794362087234,80624.52640239178,0.013697432510459937
random_sm_medium,random,sm,"Acesso aleatorio | Pequeno (2k refs, 100 pags)",LRU,64,0.062204932651049885,0.0006577731228356144,81152.43255172347,0.005797505342384797
random_sm_medium,random,sm,"Acesso aleatorio | Pequeno (2k refs, 100 pags)",LRU,128,0.05319252834790308,0.002670467033518874,82168.36988867857,0.019587409632134147
random_sm_medium,random,sm,"Acesso aleatorio | Pequeno (2k refs, 100 pags)",Otimo,2,0.11059436703980399,0.001875944074465541,63088.765263641486,0.01252026848105429
random_sm_medium,random,sm,"Acesso aleatorio | Pequeno (2k refs, 100 pags)",Otimo,4,0.11796935669270228,0.0013368226655523523,61840.81670674009,0.008519682627870463
random_sm_medium,random,sm,"Acesso aleatorio | Pequeno (2k refs, 100 pags)",Otimo,8,0.16517072078357917,0.0022946963599387383,59441.145610469415,0.01718888031991275
random_sm_medium,random,sm,"Acesso aleatorio | Pequeno (2k refs, 100 pags)",Otimo,16,0.25653868108258865,0.004823270998468954,54433.77833190425,0.032276948358274646
random_sm_medium,random,sm,"Acesso aleatorio | Pequeno (2k refs, 100 pags)",Otimo,32,0.35843098596844347,0.02338288788741375,45458.48099399354,0.15809813990774527
random_sm_medium,random,sm,"Acesso aleatorio | Pequeno (2k refs, 100 pags)",Otimo,64,0.3432975523408417,0.027438413995632287,25858.381796964066,0.1892361809225614
random_sm_medium,random,sm,"Acesso aleatorio | Pequeno (2k refs, 100 pags)",Otimo,128,0.011653791790284381,0.00022543874506086547,5440.080646243897,0.0016215522962845215
random_sm_medium,random,sm,"Acesso aleatorio | Pequeno (2k refs, 100 pags)",Random,2,0.07527508049863228,0.0013242009950535868,63192.522440026594,0.009049925245481356
random_sm_medium,random,sm,"Acesso aleatorio | Pequeno (2k refs, 100 pags)",Random,4,0.0825630312550426,0.002925091377415841,61752.57327049218,0.02075689170275979
random_sm_medium,random,sm,"Acesso aleatorio | Pequeno (2k refs, 100 pags)",Random,8,0.0796473538874393,0.0009270109350886436,59320.55279749366,0.008524523728721674
random_sm_medium,random,sm,"Acesso aleatorio | Pequeno (2k refs, 100 pags)",Random,16,0.07130566996632218,0.0012626056646632407,53952.49560593672,0.011677903067064241
random_sm_medium,random,sm,"Acesso aleatorio | Pequeno (2k refs, 100 pags)",Random,32,0.05736364689291902,0.0013130983030571212,44808.3988891006,0.00903688609305017
random_sm_medium,random,sm,"Acesso aleatorio | Pequeno (2k refs, 100 pags)",Random,64,0.036175370272895364,0.00035013810270099127,25192.25080028054,0.0022566466677891514
random_sm_medium,random,sm,"Acesso aleatorio | Pequeno (2k refs, 100 pags)",Random,128,0.011818277643006476,8.298324672361246e-05,6816.081657212378,0.00035414559499103625
random_sm_tight,random,sm,"Acesso aleatorio | Pequeno (2k refs, 20 pags)",Clock,2,0.04315664878260112,0.0003926911678540143,57208.29931715851,0.0027471204999781184
random_sm_tight,random,sm,"Acesso aleatorio | Pequeno (2k refs, 20 pags)",Clock,4,0.0476724093230743,0.0007047712850459491,50464.330647488714,0.005033391265076415
random_sm_tight,random,sm,"Acesso aleatorio | Pequeno (2k refs, 20 pags)",Clock,8,0.046113288905458544,0.0007330840170604437,37040.319570022526,0.005045360981833786
random_sm_tight,random,sm,"Acesso aleatorio | Pequeno (2k refs, 20 pags)",Clock,16,0.031529753204527985,0.0009578098539278042,12616.218779156807,0.0064166382681960414
random_sm_tight,random,sm,"Acesso aleatorio | Pequeno (2k refs, 20 pags)",Clock,32,0.024307654410234185,0.0018829275782391212,1104.1684395538646,0.013027937712978978
random_sm_tight,random,sm,"Acesso aleatorio | Pequeno (2k refs, 20 pags)",Clock,64,0.024019601839795266,0.0021576290096984186,1264.1666758018887,0.014889482182565016
random_sm_tight,random,sm,"Acesso aleatorio | Pequeno (2k refs, 20 pags)",Clock,128,0.02458119501769112,0.0015350906757441857,1584.1701103953403,0.010584943967460998
random_sm_tight,random,sm,"Acesso aleatorio | Pequeno (2k refs, 20 pags)",FIFO,2,0.00823557944214536,7.977109292210953e-05,24.05655964966389,0.0005897224846632745
random_sm_tight,random,sm,"Acesso aleatorio | Pequeno (2k refs, 20 pags)",FIFO,4,0.00767686324152503,0.00037562441869201126,32.0528324228428,0.002667017975856957
random_sm_tight,random,sm,"Acesso aleatorio | Pequeno (2k refs, 20 pags)",FIFO,8,0.011263889562784662,0.0007770859478179685,48.07751575508196,0.005369757613203359
random_sm_tight,random,sm,"Acesso aleatorio | Pequeno (2k refs, 20 pags)",FIFO,16,0.012591129726364017,8.005766591080355e-05,80.08669244921728,0.0009079905281812792
random_sm_tight,random,sm,"Acesso aleatorio | Pequeno (2k refs, 20 pags)",FIFO,32,0.012620792820734167,0.0001386128339343377,144.08691740637843,0.0010210862361434143
random_sm_tight,random,sm,"Acesso aleatorio | Pequeno (2k refs, 20 pags)",FIFO,64,0.012705063622339266,0.000518554012212976,272.0876998114239,0.003663140328825673
random_sm_tight,random,sm,"Acesso aleatorio | Pequeno (2k refs, 20 pags)",FIFO,128,0.01292715647754609,0.00012840980106401158,528.089539059697,0.0009836747005740225
random_sm_tight,random,sm,"Acesso aleatorio | Pequeno (2k refs, 20 pags)",LFU,2,0.15186711094368427,0.007438001642144069,158929.05228615506,0.04978514813439813
random_sm_tight,random,sm,"Acesso aleatorio | Pequeno (2k refs, 20 pags)",LFU,4,0.16363971630182647,0.0015007031954741685,147281.13448012256,0.010685083663448
random_sm_tight,random,sm,"Acesso aleatorio | Pequeno (2k refs, 20 pags)",LFU,8,0.18292401272254466,0.0014642267976112905,122289.2669404913,0.009135850131348381
random_sm_tight,random,sm,"Acesso aleatorio | Pequeno (2k refs, 20 pags)",LFU,16,0.14952679471794159,0.0014866613521552921,73361.03703165654,0.009870995549981446
random_sm_tight,random,sm,"Acesso aleatorio | Pequeno (2k refs, 20 pags)",LFU,32,0.05461302856278505,0.0035465721708663567,46848.37960016649,0.025635685235864444
random_sm_tight,random,sm,"Acesso aleatorio | Pequeno (2k refs, 20 pags)",LFU,64,0.04993274468625318,0.001159907963044253,46848.34720888585,0.008204076890370634
random_sm_tight,random,sm,"Acesso aleatorio | Pequeno (2k refs, 20 pags)",LFU,128,0.050181612136449394,0.0007407399710793208,46848.34905689702,0.007196877804764792
random_sm_tight,random,sm,"Acesso aleatorio | Pequeno (2k refs, 20 pags)",LRU,2,0.06214875790541502,0.0015672189581946796,80208.43195109085,0.01259069125249702
random_sm_tight,random,sm,"Acesso aleatorio | Pequeno (2k refs, 20 pags)",LRU,4,0.06740571384164132,0.0008027929119640134,80208.46870749774,0.006979093900647301
random_sm_tight,random,sm,"Acesso aleatorio | Pequeno (2k refs, 20 pags)",LRU,8,0.07315868134704037,0.0011076788708641243,80208.50776281167,0.00866784179717084
random_sm_tight,random,sm,"Acesso aleatorio | Pequeno (2k refs, 20 pags)",LRU,16,0.06634927051654246,0.0009413716470822611,92576.46091971062,0.008499105919824333
random_sm_tight,random,sm,"Acesso aleatorio | Pequeno (2k refs, 20 pags)",LRU,32,0.053941295003883206,0.0009125582364476004,80328.3750749374,0.007274136346292901
random_sm_tight,random,sm,"Acesso aleatorio | Pequeno (2k refs, 20 pags)",LRU,64,0.054640569823563426,0.0008549544529472885,80328.38007257461,0.005147904476820687
random_sm_tight,random,sm,"Acesso aleatorio | Pequeno (2k refs, 20 pags)",LRU,128,0.05463641920953556,0.0005317435617269474,80328.38010134609,0.00548152716371677
random_sm_tight,random,sm,"Acesso aleatorio | Pequeno (2k refs, 20 pags)",Otimo,2,0.09897211842719092,0.0012640455983937752,57072.68616680454,0.011328294141825247
random_sm_tight,random,sm,"Acesso aleatorio | Pequeno (2k refs, 20 pags)",Otimo,4,0.11029221932134699,0.001231676369908257,51216.764974964695,0.00679599160013587
random_sm_tight,random,sm,"Acesso aleatorio | Pequeno (2k refs, 20 pags)",Otimo,8,0.11517850271732759,0.0007350261671638781,38768.79846455848,0.005545021270855025
random_sm_tight,random,sm,"Acesso aleatorio | Pequeno (2k refs, 20 pags)",Otimo,16,0.06842437460575619,0.0005933854382833418,13056.47577254636,0.004782728316937665
random_sm_tight,random,sm,"Acesso aleatorio | Pequeno (2k refs, 20 pags)",Otimo,32,0.014017235144843015,8.836248686041924e-05,912.0971354532267,0.0007363583392863621
random_sm_tight,random,sm,"Acesso aleatorio | Pequeno (2k refs, 20 pags)",Otimo,64,0.014007050780493913,0.00015692219852880867,912.0969255570457,0.0012311055519318222
random_sm_tight,random,sm,"Acesso aleatorio | Pequeno (2k refs, 20 pags)",Otimo,128,0.014007781039702938,0.00017427735030767853,912.0970704263715,0.0011489233740801653
random_sm_tight,random,sm,"Acesso aleatorio | Pequeno (2k refs, 20 pags)",Random,2,0.06015591468151068,0.0006544200416822973,57336.41830876928,0.006785584150118396
random_sm_tight,random,sm,"Acesso aleatorio | Pequeno (2k refs, 20 pags)",Random,4,0.05898910740120315,0.0009419916362420147,50936.40996694982,0.00772844152475424
random_sm_tight,random,sm,"Acesso aleatorio | Pequeno (2k refs, 20 pags)",Random,8,0.04889129074369803,0.0013421223475311662,37368.33983076922,0.010934750607014177
random_sm_tight,random,sm,"Acesso aleatorio | Pequeno (2k refs, 20 pags)",Random,16,0.02583679950585508,0.00030908837673977025,13344.179053478354,0.00249319421324472
random_sm_tight,random,sm,"Acesso aleatorio | Pequeno (2k refs, 20 pags)",Random,32,0.01341114433843604,8.2003667159246e-05,1176.0928526720786,0.0007604172236815984
random_sm_tight,random,sm,"Acesso aleatorio | Pequeno (2k refs, 20 pags)",Random,64,0.01306645271678997,0.0004945153677910169,1176.0905902471607,0.0033770950431831117
random_sm_tight,random,sm,"Acesso aleatorio | Pequeno (2k refs, 20 pags)",Random,128,0.013437278546747661,0.00014175868729178075,1176.0930517670781,0.0008655393140354149
random_sm_wide,random,sm,"Acesso aleatorio | Pequeno, universo amplo (2k refs, 500 pags)",Clock,2,0.051673861436736815,0.00044616201561350214,136360.3594955217,0.006205134120582496
random_sm_wide,random,sm,"Acesso aleatorio | Pequeno, universo amplo (2k refs, 500 pags)",Clock,4,0.06683691098034679,0.0003939964041389464,135920.4647392832,0.005054013935255182
random_sm_wide,random,sm,"Acesso aleatorio | Pequeno, universo amplo (2k refs, 500 pags)",Clock,8,0.07715472918764328,0.00038026562433473183,135344.53675767634,0.00457076308107861
random_sm_wide,random,sm,"Acesso aleatorio | Pequeno, universo amplo (2k refs, 500 pags)",Clock,16,0.07908281374444795,0.0014740042328574834,133864.55040140828,0.011473978520660375
random_sm_wide,random,sm,"Acesso aleatorio | Pequeno, universo amplo (2k refs, 500 pags)",Clock,32,0.07823652987272174,0.0012012446993750448,131464.54324825812,0.010151494621739972
random_sm_wide,random,sm,"Acesso aleatorio | Pequeno, universo amplo (2k refs, 500 pags)",Clock,64,0.07342605233123936,0.0010142346365443146,125320.5103255967,0.00871317413914507
random_sm_wide,random,sm,"Acesso aleatorio | Pequeno, universo amplo (2k refs, 500 pags)",Clock,128,0.06539675074216425,0.0004382691058690884,115240.45454951204,0.006378629811386939
random_sm_wide,random,sm,"Acesso aleatorio | Pequeno, universo amplo (2k refs, 500 pags)",FIFO,2,0.0073222096293080255,7.560528991470955e-05,24.050310913979576,0.0006981590907735297
random_sm_wide,random,sm,"Acesso aleatorio | Pequeno, universo amplo (2k refs, 500 pags)",FIFO,4,0.0076631513136571445,0.0007394656314313202,32.05278710768427,0.005107933256673166
random_sm_wide,random,sm,"Acesso aleatorio | Pequeno, universo amplo (2k refs, 500 pags)",FIFO,8,0.008976673907196165,7.368474453503209e-05,48.061719168121876,0.0005724575311019399
random_sm_wide,random,sm,"Acesso aleatorio | Pequeno, universo amplo (2k refs, 500 pags)",FIFO,16,0.014242141427589556,0.00014008467508975887,80.09815241955326,0.001168376681855433
random_sm_wide,random,sm,"Acesso aleatorio | Pequeno, universo amplo (2k refs, 500 pags)",FIFO,32,0.022099883403074984,0.0003003550205939706,144.1520922064322,0.002474181849532412
random_sm_wide,random,sm,"Acesso aleatorio | Pequeno, universo amplo (2k refs, 500 pags)",FIFO,64,0.04089317577271742,0.0004305221838311795,272.2821461184159,0.0036146274395172733
random_sm_wide,random,sm,"Acesso aleatorio | Pequeno, universo amplo (2k refs, 500 pags)",FIFO,128,0.06468773351723626,0.00745259680397753,528.4462226061249,0.04944039962520836
random_sm_wide,random,sm,"Acesso aleatorio | Pequeno, universo amplo (2k refs, 500 pags)",LFU,2,0.1666383448350545,0.005827646281596144,339329.15578208124,0.03910656791667196
random_sm_wide,random,sm,"Acesso aleatorio | Pequeno, universo amplo (2k refs, 500 pags)",LFU,4,0.23879305822892222,0.0052743164090106355,370353.6567982493,0.03710600284278477
random_sm_wide,random,sm,"Acesso aleatorio | Pequeno, universo amplo (2k refs, 500 pags)",LFU,8,0.3618823808738775,0.0039373206940200725,411314.5062916035,0.03368259508731763
random_sm_wide,random,sm,"Acesso aleatorio | Pequeno, universo amplo (2k refs, 500 pags)",LFU,16,0.643898797762574,0.00709132065623017,598964.4607419528,0.05231066307630024
random_sm_wide,random,sm,"Acesso aleatorio | Pequeno, universo amplo (2k refs, 500 pags)",LFU,32,1.0469556578422314,0.00921222492512903,973559.2445419694,0.07932782139936684
random_sm_wide,random,sm,"Acesso aleatorio | Pequeno, universo amplo (2k refs, 500 pags)",LFU,64,1.8507614402948964,0.03817900984193454,1461980.828237322,0.27421461793801966
random_sm_wide,random,sm,"Acesso aleatorio | Pequeno, universo amplo (2k refs, 500 pags)",LFU,128,2.6894761347034417,0.0354438501454709,2247378.625603965,0.24073694077184396
random_sm_wide,random,sm,"Acesso aleatorio | Pequeno, universo amplo (2k refs, 500 pags)",LRU,2,0.06508232132767017,0.0011664950518671337,128704.45233534239,0.00736823059243538
random_sm_wide,random,sm,"Acesso aleatorio | Pequeno, universo amplo (2k refs, 500 pags)",LRU,4,0.07220415639670938,0.0023727538172759427,128800.50254822632,0.016786895630841535
random_sm_wide,random,sm,"Acesso aleatorio | Pequeno, universo amplo (2k refs, 500 pags)",LRU,8,0.08464393060958073,0.002127754851385779,128928.58882627252,0.014900801791560541
random_sm_wide,random,sm,"Acesso aleatorio | Pequeno, universo amplo (2k refs, 500 pags)",LRU,16,0.08264599730557129,0.0004370554562459276,129504.57439932604,0.006296310186739793
random_sm_wide,random,sm,"Acesso aleatorio | Pequeno, universo amplo (2k refs, 500 pags)",LRU,32,0.08154536318189669,0.000925915755881455,130416.5664793273,0.008736533221643193
random_sm_wide,random,sm,"Acesso aleatorio | Pequeno, universo amplo (2k refs, 500 pags)",LRU,64,0.08566068795508562,0.007550177439986805,132698.66136404593,9.851486365728569
random_sm_wide,random,sm,"Acesso aleatorio | Pequeno, universo amplo (2k refs, 500 pags)",LRU,128,0.0846926405699713,0.004442709757677808,136618.88190912342,8.728054223455585
random_sm_wide,random,sm,"Acesso aleatorio | Pequeno, universo amplo (2k refs, 500 pags)",Otimo,2,0.12284385036736536,0.002648750099320264,186336.85207364376,0.01864403005480954
random_sm_wide,random,sm,"Acesso aleatorio | Pequeno, universo amplo (2k refs, 500 pags)",Otimo,4,0.14568853543560814,0.008746963454499162,234385.0091024859,0.06151212503855832
random_sm_wide,random,sm,"Acesso aleatorio | Pequeno, universo amplo (2k refs, 500 pags)",Otimo,8,0.20438802013985607,0.003725610015733772,330209.4148585002,0.02688341697969763
random_sm_wide,random,sm,"Acesso aleatorio | Pequeno, universo amplo (2k refs, 500 pags)",Otimo,16,0.33195501719927845,0.009914825217311086,506866.2989054791,0.07081608149423953
random_sm_wide,random,sm,"Acesso aleatorio | Pequeno, universo amplo (2k refs, 500 pags)",Otimo,32,0.5489701572755228,0.0029423349985631905,827507.8027597418,0.026905858509398403
random_sm_wide,random,sm,"Acesso aleatorio | Pequeno, universo amplo (2k refs, 500 pags)",Otimo,64,0.850907545019999,0.02076691816537206,1414261.889372751,0.15244664046042847
random_sm_wide,random,sm,"Acesso aleatorio | Pequeno, universo amplo (2k refs, 500 pags)",Otimo,128,1.5471140118117004,0.016242613098549314,2846554.718214757,0.11292394178043662
random_sm_wide,random,sm,"Acesso aleatorio | Pequeno, universo amplo (2k refs, 500 pags)",Random,2,0.08647808011546557,0.0009636963789550005,160312.60101276485,0.00994610221267715
random_sm_wide,random,sm,"Acesso aleatorio | Pequeno, universo amplo (2k refs, 500 pags)",Random,4,0.09322699033181499,0.0010560895676343643,159816.64854942582,0.010993009006153336
random_sm_wide,random,sm,"Acesso aleatorio | Pequeno, universo amplo (2k refs, 500 pags)",Random,8,0.10348815271110409,0.00131979335517044,159080.71812189583,0.008893283607360209
random_sm_wide,random,sm,"Acesso aleatorio | Pequeno, universo amplo (2k refs, 500 pags)",Random,16,0.10313545009250709,0.0011645106151976165,157104.71504533547,0.007865900887786065
random_sm_wide,random,sm,"Acesso aleatorio | Pequeno, universo amplo (2k refs, 500 pags)",Random,32,0.09150233012438366,0.0012481972817877855,153128.63567929846,0.011472560809905356
random_sm_wide,random,sm,"Acesso aleatorio | Pequeno, universo amplo (2k refs, 500 pags)",Random,64,0.08879041556190478,0.0005840324538942671,144040.61707402847,0.005015915104647045
random_sm_wide,random,sm,"Acesso aleatorio | Pequeno, universo amplo (2k refs, 500 pags)",Random,128,0.0729215558198519,0.001041316392764673,128144.5072838119,0.00918128111084039
random_xl_wide,random,xl,"Acesso aleatorio | Massivo, universo amplo (1M refs, 500 pags)",Clock,2,27.845878491666674,0.19767849412020855,67537766.97177178,3.801926434956857
random_xl_wide,random,xl,"Acesso aleatorio | Massivo, universo amplo (1M refs, 500 pags)",Clock,4,37.587743196296294,0.15174626443360148,67365824.35555556,0.8655365413836436
random_xl_wide,random,xl,"Acesso aleatorio | Massivo, universo amplo (1M refs, 500 pags)",Clock,8,45.78845732648221,0.4477286011945563,67019896.03162055,9.229690818189804
random_xl_wide,random,xl,"Acesso aleatorio | Massivo, universo amplo (1M refs, 500 pags)",Clock,16,47.589288396320356,0.4619557700055481,66324058.41731602,12.69635188175621
random_xl_wide,random,xl,"Acesso aleatorio | Massivo, universo amplo (1M refs, 500 pags)",Clock,32,47.558562822077924,0.8021871944542719,64917418.1056277,11.74809014876802
random_xl_wide,random,xl,"Acesso aleatorio | Massivo, universo amplo (1M refs, 500 pags)",Clock,64,47.924965884848476,0.9593275694637902,62116091.61558441,12.311190762656159
random_xl_wide,random,xl,"Acesso aleatorio | Massivo, universo amplo (1M refs, 500 pags)",Clock,128,41.33907318,0.24187706579197799,56507436.864,0.9347794703531127
random_xl_wide,random,xl,"Acesso aleatorio | Massivo, universo amplo (1M refs, 500 pags)",FIFO,2,3.625824610075882,0.025450892247655784,48.816824818521084,0.2075366820686244
random_xl_wide,random,xl,"Acesso aleatorio | Massivo, universo amplo (1M refs, 500 pags)",FIFO,4,3.6669507722882684,0.062352016044997384,57.10944043353477,0.398357891099499
random_xl_wide,random,xl,"Acesso aleatorio | Massivo, universo amplo (1M refs, 500 pags)",FIFO,8,4.245831853667167,0.036651298156907534,77.02840696741933,0.2595943658849433
random_xl_wide,random,xl,"Acesso aleatorio | Massivo, universo amplo (1M refs, 500 pags)",FIFO,16,6.809170487525736,0.16508842855401515,126.65680425873776,1.321930737006369
random_xl_wide,random,xl,"Acesso aleatorio | Massivo, universo amplo (1M refs, 500 pags)",FIFO,32,10.64423661150056,0.11128926759349163,216.69679731243005,0.6165735812131532
random_xl_wide,random,xl,"Acesso aleatorio | Massivo, universo amplo (1M refs, 500 pags)",FIFO,64,19.881272997244896,0.8609950536440292,407.2298273155416,5.2174699555967115
random_xl_wide,random,xl,"Acesso aleatorio | Massivo, universo amplo (1M refs, 500 pags)",FIFO,128,31.59452703180902,1.1594814630612162,740.386045943304,8.304464632029106
random_xl_wide,random,xl,"Acesso aleatorio | Massivo, universo amplo (1M refs, 500 pags)",LFU,2,92.70081816363636,1.5644199674991903,159162613.8181818,2.3180182213229754
random_xl_wide,random,xl,"Acesso aleatorio | Massivo, universo amplo (1M refs, 500 pags)",LFU,4,114.18409146666667,3.342566753452225,174769377.7777778,2.83313338161697
random_xl_wide,random,xl,"Acesso aleatorio | Massivo, universo amplo (1M refs, 500 pags)",LFU,8,163.50408314285716,1.7271302657672976,221278172.8,3.3384981021855364
random_xl_wide,random,xl,"Acesso aleatorio | Massivo, universo amplo (1M refs, 500 pags)",LFU,16,248.61669865500002,2.888133300713273,265741996.96000004,222.38304901567435
random_xl_wide,random,xl,"Acesso aleatorio | Massivo, universo amplo (1M refs, 500 pags)",LFU,32,415.36015299999997,2.9467453190849517,469282866.1333333,6.799520134878368
random_xl_wide,random,xl,"Acesso aleatorio | Massivo, universo amplo (1M refs, 500 pags)",LFU,64,706.6474209999999,4.888651985957236,777896164.8,11.684743368531642
random_xl_wide,random,xl,"Acesso aleatorio | Massivo, universo amplo (1M refs, 500 pags)",LFU,128,1190.9693012,11.323956949221989,1213391443.2,24.983032192813855
random_xl_wide,random,xl,"Acesso aleatorio | Massivo, universo amplo (1M refs, 500 pags)",LRU,2,35.39841906869458,1.5072831551069628,63858290.251822665,8.687698201355872
random_xl_wide,random,xl,"Acesso aleatorio | Massivo, universo amplo (1M refs, 500 pags)",LRU,4,39.33752332307692,0.30456056814898497,63904690.46153847,0.9807000185402627
random_xl_wide,random,xl,"Acesso aleatorio | Massivo, universo amplo (1M refs, 500 pags)",LRU,8,42.87207421930435,2.762339779457563,63997937.03513044,19.220741004960203
random_xl_wide,random,xl,"Acesso aleatorio | Massivo, universo amplo (1M refs, 500 pags)",LRU,16,41.25697321,0.4559762036570047,64188150.405333325,5.884194333076825
random_xl_wide,random,xl,"Acesso aleatorio | Massivo, universo amplo (1M refs, 500 pags)",LRU,32,43.53847146231884,1.389961823394896,64569878.8115942,10.475737960486512
random_xl_wide,random,xl,"Acesso aleatorio | Massivo, universo amplo (1M refs, 500 pags)",LRU,64,42.075315008333334,0.40243248148178395,65329472.93333334,0.9737286158580144
random_xl_wide,random,xl,"Acesso aleatorio | Massivo, universo amplo (1M refs, 500 pags)",LRU,128,43.63876716213768,2.180434683002226,66853802.533333324,9.17805053985378
random_xl_wide,random,xl,"Acesso aleatorio | Massivo, universo amplo (1M refs, 500 pags)",Otimo,2,64.07941892720586,2.249001013287021,91194974.05882353,12.549084778529332
random_xl_wide,random,xl,"Acesso aleatorio | Massivo, universo amplo (1M refs, 500 pags)",Otimo,4,79.1504108653846,2.735077594750287,114421825.12527473,18.901437516581673
random_xl_wide,random,xl,"Acesso aleatorio | Massivo, universo amplo (1M refs, 500 pags)",Otimo,8,104.14409774999999,1.8372764785715534,160241636.16000003,2.3369486867650475
random_xl_wide,random,xl,"Acesso aleatorio | Massivo, universo amplo (1M refs, 500 pags)",Otimo,16,152.9570506285714,4.825622869796922,243408156.8,3.3384981021855364
random_xl_wide,random,xl,"Acesso aleatorio | Massivo, universo amplo (1M refs, 500 pags)",Otimo,32,246.75932139000003,5.647683602313067,407298064.32000005,222.89802892479548
random_xl_wide,random,xl,"Acesso aleatorio | Massivo, universo amplo (1M refs, 500 pags)",Otimo,64,428.47119996666663,3.078743706133949,688125491.2,7.789828883335057
random_xl_wide,random,xl,"Acesso aleatorio | Massivo, universo amplo (1M refs, 500 pags)",Otimo,128,757.71328565,5.017053792615345,1571134344.0,17.104712858602383
random_xl_wide,random,xl,"Acesso aleatorio | Massivo, universo amplo (1M refs, 500 pags)",Random,2,43.729726249637686,0.7534031342930256,79350270.53333333,10.024498359750126
random_xl_wide,random,xl,"Acesso aleatorio | Massivo, universo amplo (1M refs, 500 pags)",Random,4,48.3650416447619,1.1214181802925733,79081843.4057143,8.46011672697589
random_xl_wide,random,xl,"Acesso aleatorio | Massivo, universo amplo (1M refs, 500 pags)",Random,8,53.1817234263158,0.3203876564703897,78541780.12631577,1.6104126582744758
random_xl_wide,random,xl,"Acesso aleatorio | Massivo, universo amplo (1M refs, 500 pags)",Random,16,53.42873232368421,2.2410266420509575,77478291.3431579,14.045542942395924
random_xl_wide,random,xl,"Acesso aleatorio | Massivo, universo amplo (1M refs, 500 pags)",Random,32,51.850975909736846,2.197396665627971,75310443.35157895,14.577076496235886
random_xl_wide,random,xl,"Acesso aleatorio | Massivo, universo amplo (1M refs, 500 pags)",Random,64,47.606438821212116,0.5560526671343392,70950938.41038962,12.241518037880184
random_xl_wide,random,xl,"Acesso aleatorio | Massivo, universo amplo (1M refs, 500 pags)",Random,128,41.547762856666665,0.28454992988018496,62305736.197333336,8.642184895735376
random_xs_medium,random,xs,"Acesso aleatorio | Minimo (500 refs, 100 pags)",Clock,2,0.011187192109521116,0.0001857807114545693,15896.077453276997,0.001326085743955816
random_xs_medium,random,xs,"Acesso aleatorio | Minimo (500 refs, 100 pags)",Clock,4,0.011768714243248088,0.0002943868980724475,15648.081438043766,0.00210765025234015
random_xs_medium,random,xs,"Acesso aleatorio | Minimo (500 refs, 100 pags)",Clock,8,0.012440062397049739,0.00011289336217183619,15024.086119523554,0.0009753138521022881
random_xs_medium,random,xs,"Acesso aleatorio | Minimo (500 refs, 100 pags)",Clock,16,0.012477325969103784,0.0001308238715703434,14152.086383230668,0.001063978984743591
random_xs_medium,random,xs,"Acesso aleatorio | Minimo (500 refs, 100 pags)",Clock,32,0.010795571155233623,0.00016081899605419045,12008.07477547241,0.0011887148085405442
random_xs_medium,random,xs,"Acesso aleatorio | Minimo (500 refs, 100 pags)",Clock,64,0.008906228207090867,0.0004035120602613157,7704.06160802587,0.002921612714101253
random_xs_medium,random,xs,"Acesso aleatorio | Minimo (500 refs, 100 pags)",Clock,128,0.007857289382724255,0.0011410563289417208,6024.054328770148,0.0079811831119142
random_xs_medium,random,xs,"Acesso aleatorio | Minimo (500 refs, 100 pags)",FIFO,2,0.0019837473627927716,2.6653245747608292e-05,24.013642986984653,0.00021965602261378605
random_xs_medium,random,xs,"Acesso aleatorio | Minimo (500 refs, 100 pags)",FIFO,4,0.0020051926154363016,0.00010705833254263751,32.01381249598681,0.0007231256810114965
random_xs_medium,random,xs,"Acesso aleatorio | Minimo (500 refs, 100 pags)",FIFO,8,0.0023683930240227112,5.5297373904937546e-05,48.01630720630245,0.00039347364661062093
random_xs_medium,random,xs,"Acesso aleatorio | Minimo (500 refs, 100 pags)",FIFO,16,0.00396228844411205,8.835754253430121e-05,80.02729227878066,0.0005516793259752213
random_xs_medium,random,xs,"Acesso aleatorio | Minimo (500 refs, 100 pags)",FIFO,32,0.006732642877744078,0.00015391258456845207,144.04649520500476,0.0010550546446193713
random_xs_medium,random,xs,"Acesso aleatorio | Minimo (500 refs, 100 pags)",FIFO,64,0.009066515437886353,0.00014684548748949386,272.06268614617557,0.0010085016203746579
random_xs_medium,random,xs,"Acesso aleatorio | Minimo (500 refs, 100 pags)",FIFO,128,0.011933754769709228,0.0002041513773339131,528.0825863096618,0.0014471744684346098
random_xs_medium,random,xs,"Acesso aleatorio | Minimo (500 refs, 100 pags)",LFU,2,0.038941863658106535,0.00034819428540862763,40752.27023078721,0.0026966864972826406
random_xs_medium,random,xs,"Acesso aleatorio | Minimo (500 refs, 100 pags)",LFU,4,0.04648165963332672,0.0005868074499043492,40176.321774623786,0.003929695969729408
random_xs_medium,random,xs,"Acesso aleatorio | Minimo (500 refs, 100 pags)",LFU,8,0.06838857403054886,0.0004966717002698325,39280.47465651835,0.004471340607970832
random_xs_medium,random,xs,"Acesso aleatorio | Minimo (500 refs, 100 pags)",LFU,16,0.10843667347875248,0.0010611560774387095,36432.75103288348,0.008250874879164706
random_xs_medium,random,xs,"Acesso aleatorio | Minimo (500 refs, 100 pags)",LFU,32,0.14544131745919409,0.0011488370167438476,31729.007809049643,0.010333230290414143
random_xs_medium,random,xs,"Acesso aleatorio | Minimo (500 refs, 100 pags)",LFU,64,0.1215418903751592,0.0012873398236749548,24656.842177312643,0.01023563640450918
random_xs_medium,random,xs,"Acesso aleatorio | Minimo (500 refs, 100 pags)",LFU,128,0.015210151105703859,0.0013246366673497858,19616.105252717432,0.009112356790825575
random_xs_medium,random,xs,"Acesso aleatorio | Minimo (500 refs, 100 pags)",LRU,2,0.014129757303457191,0.00019036861671832897,20208.097960617448,0.0014255531503467888
random_xs_medium,random,xs,"Acesso aleatorio | Minimo (500 refs, 100 pags)",LRU,4,0.015442110374357162,0.00037663272616576517,20208.10685845421,0.002656167788689009
random_xs_medium,random,xs,"Acesso aleatorio | Minimo (500 refs, 100 pags)",LRU,8,0.017298673014246212,0.00017749718554614297,20208.11993177116,0.0014498022033980944
random_xs_medium,random,xs,"Acesso aleatorio | Minimo (500 refs, 100 pags)",LRU,16,0.01972798182319026,0.00012903071761963153,20352.13645481838,0.001161758499331447
random_xs_medium,random,xs,"Acesso aleatorio | Minimo (500 refs, 100 pags)",LRU,32,0.01767589751958424,0.0010426593385095464,20624.122602126037,0.007258555298261008
random_xs_medium,random,xs,"Acesso aleatorio | Minimo (500 refs, 100 pags)",LRU,64,0.015307870357150408,0.00021469759300343734,21152.105933580904,0.0015913340602908923
random_xs_medium,random,xs,"Acesso aleatorio | Minimo (500 refs, 100 pags)",LRU,128,0.013900308099625397,8.234913938617884e-05,22168.09614783644,0.0007318641161260728
random_xs_medium,random,xs,"Acesso aleatorio | Minimo (500 refs, 100 pags)",Otimo,2,0.026503996960050735,0.002053682994251062,16080.18365670924,0.014300910028749
random_xs_medium,random,xs,"Acesso aleatorio | Minimo (500 refs, 100 pags)",Otimo,4,0.030346263830389925,0.0015921819588246154,15696.210294548557,0.011144957863700712
random_xs_medium,random,xs,"Acesso aleatorio | Minimo (500 refs, 100 pags)",Otimo,8,0.04000134003769803,0.0012759677952743091,15152.277569932945,0.008601648206643314
random_xs_medium,random,xs,"Acesso aleatorio | Minimo (500 refs, 100 pags)",Otimo,16,0.054924988702479485,0.00045674888994623057,13440.381755225191,0.004824762047017324
random_xs_medium,random,xs,"Acesso aleatorio | Minimo (500 refs, 100 pags)",Otimo,32,0.09914220034079775,0.03276584145828624,16448.68837772498,7828.172110222909
random_xs_medium,random,xs,"Acesso aleatorio | Minimo (500 refs, 100 pags)",Otimo,64,0.11581119617041505,0.003449407262754514,13056.802483041618,0.024485923807344136
random_xs_medium,random,xs,"Acesso aleatorio | Minimo (500 refs, 100 pags)",Otimo,128,0.004399974763328981,9.717452946331437e-05,5376.030435592227,101.99338938769863
random_xs_medium,random,xs,"Acesso aleatorio | Minimo (500 refs, 100 pags)",Random,2,0.0190339274217464,0.00019523699791411096,16056.131956798024,0.0014234421518429
random_xs_medium,random,xs,"Acesso aleatorio | Minimo (500 refs, 100 pags)",Random,4,0.018390701192615797,0.0003814422811222644,15832.127438904985,0.0028048705497634766
random_xs_medium,random,xs,"Acesso aleatorio | Minimo (500 refs, 100 pags)",Random,8,0.018586177899900462,0.000253583394635009,15128.128854575809,0.0018798176356115016
random_xs_medium,random,xs,"Acesso aleatorio | Minimo (500 refs, 100 pags)",Random,16,0.016822955640371832,0.0002536737426641028,14016.116687284451,0.00178744929054631
random_xs_medium,random,xs,"Acesso aleatorio | Minimo (500 refs, 100 pags)",Random,32,0.013156591921693222,0.00019706603316951387,12264.09112825159,0.0013081289666769522
random_xs_medium,random,xs,"Acesso aleatorio | Minimo (500 refs, 100 pags)",Random,64,0.008889598553605554,0.00012784074897875263,8776.061489553826,0.0010051652563032609
random_xs_medium,random,xs,"Acesso aleatorio | Minimo (500 refs, 100 pags)",Random,128,0.004653750037224205,4.582782236361391e-05,6816.032156954912,0.00031211433124346967
random_xs_tight,random,xs,"Acesso aleatorio | Minimo (500 refs, 20 pags)",Clock,2,0.011011177311681237,0.00029614366156881363,14552.076199040024,0.002058503740026864
random_xs_tight,random,xs,"Acesso aleatorio | Minimo (500 refs, 20 pags)",Clock,4,0.011385155059629087,0.00048723496441436116,13152.078676423127,0.0035137960633912307
random_xs_tight,random,xs,"Acesso aleatorio | Minimo (500 refs, 20 pags)",Clock,8,0.009607053625416006,9.798720590354383e-05,9808.066482501963,0.000657169439293349
random_xs_tight,random,xs,"Acesso aleatorio | Minimo (500 refs, 20 pags)",Clock,16,0.007891281715555318,0.0003069019958116035,4328.054581419431,0.002113360933088498
random_xs_tight,random,xs,"Acesso aleatorio | Minimo (500 refs, 20 pags)",Clock,32,0.005562304180476551,0.0003156593694565768,1144.0384541189,0.0022010385338868655
random_xs_tight,random,xs,"Acesso aleatorio | Minimo (500 refs, 20 pags)",Clock,64,0.005405007380700823,0.0001836589233345302,1304.0373684199335,0.0012892683164240284
random_xs_tight,random,xs,"Acesso aleatorio | Minimo (500 refs, 20 pags)",Clock,128,0.005882018199744336,0.0007100703530164281,1624.0407249832233,0.004988909841016692
random_xs_tight,random,xs,"Acesso aleatorio | Minimo (500 refs, 20 pags)",FIFO,2,0.0022120033880134128,2.5848927342005205e-05,24.015219253104245,0.00022744956111903184
random_xs_tight,random,xs,"Acesso aleatorio | Minimo (500 refs, 20 pags)",FIFO,4,0.0018216543621266713,4.330948937176641e-05,32.01254798235028,0.00030396933654605997
random_xs_tight,random,xs,"Acesso aleatorio | Minimo (500 refs, 20 pags)",FIFO,8,0.0018985893884146212,2.265058036024197e-05,48.013099765340705,0.00018996820640159286
random_xs_tight,random,xs,"Acesso aleatorio | Minimo (500 refs, 20 pags)",FIFO,16,0.002538163992876044,5.655465187528953e-05,80.0175409736345,0.0003909421205014785
random_xs_tight,random,xs,"Acesso aleatorio | Minimo (500 refs, 20 pags)",FIFO,32,0.002540123575887013,0.00017079750513725086,144.01755312975143,0.0011811363192978644
random_xs_tight,random,xs,"Acesso aleatorio | Minimo (500 refs, 20 pags)",FIFO,64,0.002652002531392174,4.886073624305737e-05,272.01832735132814,0.0003365935551890146
random_xs_tight,random,xs,"Acesso aleatorio | Minimo (500 refs, 20 pags)",FIFO,128,0.003195402512142538,4.7966136998629415e-05,528.0220908469715,0.00033634950227517203
random_xs_tight,random,xs,"Acesso aleatorio | Minimo (500 refs, 20 pags)",LFU,2,0.03195234720629896,0.0025235680294517296,38441.92899643946,2111.78119289528
random_xs_tight,random,xs,"Acesso aleatorio | Minimo (500 refs, 20 pags)",LFU,4,0.04000399092768393,0.0003788293631168919,34736.277587326585,0.0026876583680598746
random_xs_tight,random,xs,"Acesso aleatorio | Minimo (500 refs, 20 pags)",LFU,8,0.04384000818405707,0.0003647203383147841,28272.303923919517,0.0025297661532239476
random_xs_tight,random,xs,"Acesso aleatorio | Minimo (500 refs, 20 pags)",LFU,16,0.02656797889345795,0.0005338482998948533,15888.184354635476,0.003608469291093796
random_xs_tight,random,xs,"Acesso aleatorio | Minimo (500 refs, 20 pags)",LFU,32,0.01331271212920121,0.00013629017129102803,10816.09216421271,0.0011195007495982418
random_xs_tight,random,xs,"Acesso aleatorio | Minimo (500 refs, 20 pags)",LFU,64,0.013587982024842616,0.0014248988993524096,10816.09411879755,0.009817121827831265
random_xs_tight,random,xs,"Acesso aleatorio | Minimo (500 refs, 20 pags)",LFU,128,0.013859399528180183,0.0009841661019807165,10816.095949623805,0.00684554695397567
random_xs_tight,random,xs,"Acesso aleatorio | Minimo (500 refs, 20 pags)",LRU,2,0.015052436354150479,0.00012063979146582117,20208.10425104766,0.0008904400089470289
random_xs_tight,random,xs,"Acesso aleatorio | Minimo (500 refs, 20 pags)",LRU,4,0.0167073688362614,0.00019010836406742964,20208.115833130003,0.0012573196469443171
random_xs_tight,random,xs,"Acesso aleatorio | Minimo (500 refs, 20 pags)",LRU,8,0.017453532549860932,0.00033192983780654827,20208.12100002285,0.0024453199141093998
random_xs_tight,random,xs,"Acesso aleatorio | Minimo (500 refs, 20 pags)",LRU,16,0.015678442696944177,0.0010359617599998519,23424.108496644625,0.0074363653085240105
random_xs_tight,random,xs,"Acesso aleatorio | Minimo (500 refs, 20 pags)",LRU,32,0.013434111933394605,0.00018551460800055782,20328.09300620826,0.001149658437360912
random_xs_tight,random,xs,"Acesso aleatorio | Minimo (500 refs, 20 pags)",LRU,64,0.013604735688236674,0.00017220500907651003,20328.094190254556,0.0012682894808471199
random_xs_tight,random,xs,"Acesso aleatorio | Minimo (500 refs, 20 pags)",LRU,128,0.013787061384205573,0.00016604661546122844,20328.09545212554,0.0011106527317824807
random_xs_tight,random,xs,"Acesso aleatorio | Minimo (500 refs, 20 pags)",Otimo,2,0.023427182283994284,0.0003737914226975473,14640.1624939854,0.002808858381818794
random_xs_tight,random,xs,"Acesso aleatorio | Minimo (500 refs, 20 pags)",Otimo,4,0.027772916924271508,0.0005409180093355348,13168.192639240875,0.0037297868127066512
random_xs_tight,random,xs,"Acesso aleatorio | Minimo (500 refs, 20 pags)",Otimo,8,0.029887230348895323,0.0015505571391918583,10288.207296486265,0.011083045238220629
random_xs_tight,random,xs,"Acesso aleatorio | Minimo (500 refs, 20 pags)",Otimo,16,0.019362725215742234,0.00019567246774238585,4352.134300157719,0.0013721550736047953
random_xs_tight,random,xs,"Acesso aleatorio | Minimo (500 refs, 20 pags)",Otimo,32,0.0027892137338595383,3.4359934874578014e-05,1040.0192747541,0.0002391475960452279
random_xs_tight,random,xs,"Acesso aleatorio | Minimo (500 refs, 20 pags)",Otimo,64,0.002799432921971492,3.023998710946787e-05,1040.0193440019839,0.00020675579867191743
random_xs_tight,random,xs,"Acesso aleatorio | Minimo (500 refs, 20 pags)",Otimo,128,0.002788933526648534,1.833061802299813e-05,1040.019272429379,0.00012529634743750563
random_xs_tight,random,xs,"Acesso aleatorio | Minimo (500 refs, 20 pags)",Random,2,0.015387490081969466,0.0002561826870246049,14488.106730274663,0.0016959116522090557
random_xs_tight,random,xs,"Acesso aleatorio | Minimo (500 refs, 20 pags)",Random,4,0.014566655413318932,0.0003671679766001793,13208.100850859328,0.0025945476072502015
random_xs_tight,random,xs,"Acesso aleatorio | Minimo (500 refs, 20 pags)",Random,8,0.01150308661347994,0.0001784057975577972,9944.07963489191,0.0012617726979639741
random_xs_tight,random,xs,"Acesso aleatorio | Minimo (500 refs, 20 pags)",Random,16,0.006523346201881048,7.543723994755467e-05,4320.045096989926,0.0005517487713680711
random_xs_tight,random,xs,"Acesso aleatorio | Minimo (500 refs, 20 pags)",Random,32,0.0027447509204234204,4.3352043781101514e-05,1280.0189673899192,0.0003021048116038909
random_xs_tight,random,xs,"Acesso aleatorio | Minimo (500 refs, 20 pags)",Random,64,0.002721248442553959,2.4444652762842824e-05,1280.0187969731003,0.00015646697636610197
random_xs_tight,random,xs,"Acesso aleatorio | Minimo (500 refs, 20 pags)",Random,128,0.0027186216369156245,4.317416939434923e-05,1280.0187875763204,0.0002986157627256118
sequential_lg_medium,sequential,lg,"Acesso sequencial | Grande (100k refs, 100 pags)",Clock,2,2.372922371475023,0.017808594516955677,3200232.4174841475,0.15074871447389038
sequential_lg_medium,sequential,lg,"Acesso sequencial | Grande (100k refs, 100 pags)",Clock,4,2.480707472109638,0.01854669304141537,3200241.189086842,0.15393677803363856
sequential_lg_medium,sequential,lg,"Acesso sequencial | Grande (100k refs, 100 pags)",Clock,8,2.5760652744483297,0.14600316739538424,3200237.86372675,32.84203234048256
sequential_lg_medium,sequential,lg,"Acesso sequencial | Grande (100k refs, 100 pags)",Clock,16,2.740857559494081,0.11857966755478493,3200442.9931862773,0.8363212629124989
sequential_lg_medium,sequential,lg,"Acesso sequencial | Grande (100k refs, 100 pags)",Clock,32,2.767947835151879,0.02163263507347066,3200795.1279239124,0.18127855336021662
sequential_lg_medium,sequential,lg,"Acesso sequencial | Grande (100k refs, 100 pags)",Clock,64,2.7380367696497494,0.023869081885061497,3201482.974776727,0.15124466686161975
sequential_lg_medium,sequential,lg,"Acesso sequencial | Grande (100k refs, 100 pags)",Clock,128,1.037177423172221,0.016335140356065772,5991.12027871476,0.1164941196839382
sequential_lg_medium,sequential,lg,"Acesso sequencial | Grande (100k refs, 100 pags)",FIFO,2,0.3632379414585449,0.0010997071544574565,26.495196365828622,0.011099082626818135
sequential_lg_medium,sequential,lg,"Acesso sequencial | Grande (100k refs, 100 pags)",FIFO,4,0.36406026547967546,0.0013565187383444116,34.50092554570916,0.01646651258539486
sequential_lg_medium,sequential,lg,"Acesso sequencial | Grande (100k refs, 100 pags)",FIFO,8,0.4219403862637353,0.010302755817080586,50.90104237036148,0.06663865686189212
sequential_lg_medium,sequential,lg,"Acesso sequencial | Grande (100k refs, 100 pags)",FIFO,16,0.5986407419830854,0.008363168289039683,84.11370300811059,0.05148219651651971
sequential_lg_medium,sequential,lg,"Acesso sequencial | Grande (100k refs, 100 pags)",FIFO,32,0.914613524361523,0.01176897259941964,150.28478841111988,0.07111782568387291
sequential_lg_medium,sequential,lg,"Acesso sequencial | Grande (100k refs, 100 pags)",FIFO,64,1.62468920878869,0.020697030988981412,283.16323912039945,0.14090662402749893
sequential_lg_medium,sequential,lg,"Acesso sequencial | Grande (100k refs, 100 pags)",FIFO,128,1.7726096515344476,0.04857413173034163,540.1819854094076,0.3327819680509324
sequential_lg_medium,sequential,lg,"Acesso sequencial | Grande (100k refs, 100 pags)",LFU,2,7.0184252441230495,0.09328590866150689,8797272.507463004,0.754523601278363
sequential_lg_medium,sequential,lg,"Acesso sequencial | Grande (100k refs, 100 pags)",LFU,4,8.026676909096262,0.2734617432352765,8797299.448227692,33.67202083449613
sequential_lg_medium,sequential,lg,"Acesso sequencial | Grande (100k refs, 100 pags)",LFU,8,12.835556893085833,0.40473761136464814,8797352.258149704,3.279379275318778
sequential_lg_medium,sequential,lg,"Acesso sequencial | Grande (100k refs, 100 pags)",LFU,16,22.973976661363636,0.23748441526501168,8797709.747145878,1.6832062483706696
sequential_lg_medium,sequential,lg,"Acesso sequencial | Grande (100k refs, 100 pags)",LFU,32,39.563096869481484,2.273045016685252,8798362.48651852,16.352873381295556
sequential_lg_medium,sequential,lg,"Acesso sequencial | Grande (100k refs, 100 pags)",LFU,64,78.7727087153846,0.6885129954552386,8799684.184615387,1.5691200284770683
sequential_lg_medium,sequential,lg,"Acesso sequencial | Grande (100k refs, 100 pags)",LFU,128,2.985352425708279,0.20762438769205557,3804396.677794659,1.454373393056611
sequential_lg_medium,sequential,lg,"Acesso sequencial | Grande (100k refs, 100 pags)",LRU,2,2.463195163857967,0.02646241751779025,4000201.0709484024,0.15634309665524482
sequential_lg_medium,sequential,lg,"Acesso sequencial | Grande (100k refs, 100 pags)",LRU,4,2.5101963550052298,0.039523896790219115,4000201.373127675,0.2896932682855878
sequential_lg_medium,sequential,lg,"Acesso sequencial | Grande (100k refs, 100 pags)",LRU,8,2.635272832880947,0.14155614889977888,4000214.291016401,20.0624693489864
sequential_lg_medium,sequential,lg,"Acesso sequencial | Grande (100k refs, 100 pags)",LRU,16,2.5369262046925045,0.3471022699194706,4000349.589995754,34.2877116429453
sequential_lg_medium,sequential,lg,"Acesso sequencial | Grande (100k refs, 100 pags)",LRU,32,2.3247985330902816,0.027180339480311913,4000600.082535657,0.1811941058871504
sequential_lg_medium,sequential,lg,"Acesso sequencial | Grande (100k refs, 100 pags)",LRU,64,2.4292410337329757,0.13836647917962352,4001136.854366987,13.693606845851908
sequential_lg_medium,sequential,lg,"Acesso sequencial | Grande (100k refs, 100 pags)",LRU,128,2.486665022816638,0.030900102499538548,4002161.208559081,0.22991436014374725
sequential_lg_medium,sequential,lg,"Acesso sequencial | Grande (100k refs, 100 pags)",Otimo,2,3.175361639042141,0.10838319860427827,3200165.9545826847,0.7384780245296031
sequential_lg_medium,sequential,lg,"Acesso sequencial | Grande (100k refs, 100 pags)",Otimo,4,3.653846769177619,0.390857909897954,3200169.306558842,2.7331930153331476
sequential_lg_medium,sequential,lg,"Acesso sequencial | Grande (100k refs, 100 pags)",Otimo,8,5.7136390231322185,2.731729554221902,3008439.3900724547,120.76943012425767
sequential_lg_medium,sequential,lg,"Acesso sequencial | Grande (100k refs, 100 pags)",Otimo,16,10.74504159954834,0.10821185565300726,2720969.9867480644,0.9033176007266092
sequential_lg_medium,sequential,lg,"Acesso sequencial | Grande (100k refs, 100 pags)",Otimo,32,19.00033912313068,0.15483514114016483,2241778.3547169813,1.322801135998772
sequential_lg_medium,sequential,lg,"Acesso sequencial | Grande (100k refs, 100 pags)",Otimo,64,17.677276892465333,0.9968486109318673,1187353.3840369799,7.10136676355324
sequential_lg_medium,sequential,lg,"Acesso sequencial | Grande (100k refs, 100 pags)",Otimo,128,0.5263448002537144,0.00942129019034586,5331.625987020445,0.0728106941811254
sequential_lg_medium,sequential,lg,"Acesso sequencial | Grande (100k refs, 100 pags)",Random,2,3.309864748684329,0.5553019141629254,3200294.9452816746,67.55990785480111
sequential_lg_medium,sequential,lg,"Acesso sequencial | Grande (100k refs, 100 pags)",Random,4,3.020810667764636,0.02283025369320874,3200252.922039227,0.1920732547306127
sequential_lg_medium,sequential,lg,"Acesso sequencial | Grande (100k refs, 100 pags)",Random,8,3.984357414591854,0.05996134439868986,3200339.5253443904,0.3830940300398405
sequential_lg_medium,sequential,lg,"Acesso sequencial | Grande (100k refs, 100 pags)",Random,16,3.843200386281102,0.27654793234245617,3195314.5885755555,65.5902277730568
sequential_lg_medium,sequential,lg,"Acesso sequencial | Grande (100k refs, 100 pags)",Random,32,3.738386212625129,0.3086102975705862,3040185.8627637513,65.87468383557098
sequential_lg_medium,sequential,lg,"Acesso sequencial | Grande (100k refs, 100 pags)",Random,64,2.4076842947155837,0.031594219990731434,1999704.7015295862,0.2347480862236526
sequential_lg_medium,sequential,lg,"Acesso sequencial | Grande (100k refs, 100 pags)",Random,128,0.4758568081066167,0.002823164255078049,6787.288792729011,0.03166068073176
sequential_lg_wide,sequential,lg,"Acesso sequencial | Grande, universo amplo (100k refs, 500 pags)",Clock,2,2.6887253894075736,0.020380428752090365,6771362.629925713,0.174336695218332
sequential_lg_wide,sequential,lg,"Acesso sequencial | Grande, universo amplo (100k refs, 500 pags)",Clock,4,2.768442209805505,0.01876320622538536,6771339.184533374,0.19921815548765257
sequential_lg_wide,sequential,lg,"Acesso sequencial | Grande, universo amplo (100k refs, 500 pags)",Clock,8,2.7582568184126837,0.021061848439812816,6771291.115730122,0.12955750390743911
sequential_lg_wide,sequential,lg,"Acesso sequencial | Grande, universo amplo (100k refs, 500 pags)",Clock,16,2.8160092481745687,0.010492534554423453,6771347.482643215,0.12150464257447635
sequential_lg_wide,sequential,lg,"Acesso sequencial | Grande, universo amplo (100k refs, 500 pags)",Clock,32,2.879302342146912,0.017854570159994608,6771443.908387917,0.16321940412588049
sequential_lg_wide,sequential,lg,"Acesso sequencial | Grande, universo amplo (100k refs, 500 pags)",Clock,64,2.8431899036435686,0.019863700935412315,6771619.692809289,0.20305268761256576
sequential_lg_wide,sequential,lg,"Acesso sequencial | Grande, universo amplo (100k refs, 500 pags)",Clock,128,2.8309095805861135,0.025294307442792503,6771955.586039643,0.25107189926571183
sequential_lg_wide,sequential,lg,"Acesso sequencial | Grande, universo amplo (100k refs, 500 pags)",FIFO,2,0.3656473875548005,0.005417355644565798,26.51300885842887,0.04232238187237972
sequential_lg_wide,sequential,lg,"Acesso sequencial | Grande, universo amplo (100k refs, 500 pags)",FIFO,4,0.36500457029458777,0.005956059182778927,34.505137421518825,0.04232832917214381
sequential_lg_wide,sequential,lg,"Acesso sequencial | Grande, universo amplo (100k refs, 500 pags)",FIFO,8,0.42185916858567085,0.0015533409106984575,50.899241240760055,0.021554841770049148
sequential_lg_wide,sequential,lg,"Acesso sequencial | Grande, universo amplo (100k refs, 500 pags)",FIFO,16,0.5924252842640632,0.008801794904896125,84.06172109241797,0.06598508076997395
sequential_lg_wide,sequential,lg,"Acesso sequencial | Grande, universo amplo (100k refs, 500 pags)",FIFO,32,0.9178585713631235,0.0036051667745223754,150.29172593613154,0.028034628797209797
sequential_lg_wide,sequential,lg,"Acesso sequencial | Grande, universo amplo (100k refs, 500 pags)",FIFO,64,1.6290786804964223,0.016962936891584735,283.2062147183753,0.13276953082267243
sequential_lg_wide,sequential,lg,"Acesso sequencial | Grande, universo amplo (100k refs, 500 pags)",FIFO,128,2.932222319782368,0.010730276277104262,548.1325038651272,0.11334026585032816
sequential_lg_wide,sequential,lg,"Acesso sequencial | Grande, universo amplo (100k refs, 500 pags)",LFU,2,7.38275432996746,0.6356991655521685,17129982.955710314,36.298799648224204
sequential_lg_wide,sequential,lg,"Acesso sequencial | Grande, universo amplo (100k refs, 500 pags)",LFU,4,8.999646718528929,0.11927572714975081,19510637.973518327,0.9924665991288061
sequential_lg_wide,sequential,lg,"Acesso sequencial | Grande, universo amplo (100k refs, 500 pags)",LFU,8,13.758329966686215,0.6532754109507126,24271726.690546084,4.607950728600419
sequential_lg_wide,sequential,lg,"Acesso sequencial | Grande, universo amplo (100k refs, 500 pags)",LFU,16,24.00112148333333,0.1789270199986513,33793429.02857143,0.8054091778160802
sequential_lg_wide,sequential,lg,"Acesso sequencial | Grande, universo amplo (100k refs, 500 pags)",LFU,32,41.791476618333334,0.3718312639493847,52833710.618666664,7.181610899037915
sequential_lg_wide,sequential,lg,"Acesso sequencial | Grande, universo amplo (100k refs, 500 pags)",LFU,64,83.64329926666667,0.5383121286785484,90901997.14871794,20.811210244916932
sequential_lg_wide,sequential,lg,"Acesso sequencial | Grande, universo amplo (100k refs, 500 pags)",LFU,128,149.37679537142856,0.9517983746558559,166989228.34285718,2.9140800496631694
sequential_lg_wide,sequential,lg,"Acesso sequencial | Grande, universo amplo (100k refs, 500 pags)",LRU,2,2.687955479921142,0.2685451080896641,6380994.620010418,14.576270989726105
sequential_lg_wide,sequential,lg,"Acesso sequencial | Grande, universo amplo (100k refs, 500 pags)",LRU,4,2.799074860450216,0.09908424387190429,6381015.3884691475,18.451917857726723
sequential_lg_wide,sequential,lg,"Acesso sequencial | Grande, universo amplo (100k refs, 500 pags)",LRU,8,2.8534625014498434,0.03159535179615959,6381003.75149205,0.22101693997161598
sequential_lg_wide,sequential,lg,"Acesso sequencial | Grande, universo amplo (100k refs, 500 pags)",LRU,16,2.7774075719379145,0.02329073549853725,6381147.213115841,0.21184652482299401
sequential_lg_wide,sequential,lg,"Acesso sequencial | Grande, universo amplo (100k refs, 500 pags)",LRU,32,2.579509874180735,0.3483487729744427,6381409.86612474,15.144259224843093
sequential_lg_wide,sequential,lg,"Acesso sequencial | Grande, universo amplo (100k refs, 500 pags)",LRU,64,2.56367244195596,0.4915176995721892,6381937.720229713,16.122031758908665
sequential_lg_wide,sequential,lg,"Acesso sequencial | Grande, universo amplo (100k refs, 500 pags)",LRU,128,2.7950501792208486,0.03463963660391966,6382987.340565872,0.2820933265609872
sequential_lg_wide,sequential,lg,"Acesso sequencial | Grande, universo amplo (100k refs, 500 pags)",Otimo,2,3.1517638742234917,0.020823063720079672,6771333.843743129,0.19760750712492373
sequential_lg_wide,sequential,lg,"Acesso sequencial | Grande, universo amplo (100k refs, 500 pags)",Otimo,4,5.169971576449724,2.2573930539151563,9151379.798830274,3792974.8374605775
sequential_lg_wide,sequential,lg,"Acesso sequencial | Grande, universo amplo (100k refs, 500 pags)",Otimo,8,9.565246464864618,0.2091296337126227,16287314.05448646,1.713695208922464
sequential_lg_wide,sequential,lg,"Acesso sequencial | Grande, universo amplo (100k refs, 500 pags)",Otimo,16,15.413409078344989,0.0889352339852817,24458425.840186484,1.1806617572929061
sequential_lg_wide,sequential,lg,"Acesso sequencial | Grande, universo amplo (100k refs, 500 pags)",Otimo,32,23.717355208084165,0.5272097425086923,41101363.26024364,3.1920788781334295
sequential_lg_wide,sequential,lg,"Acesso sequencial | Grande, universo amplo (100k refs, 500 pags)",Otimo,64,18.520355508290884,0.6736150682358842,6122158.778554276,4.627568712818993
sequential_lg_wide,sequential,lg,"Acesso sequencial | Grande, universo amplo (100k refs, 500 pags)",Otimo,128,71.85269029285715,1.2492727870557387,157813809.4323809,25.516279834559004
sequential_lg_wide,sequential,lg,"Acesso sequencial | Grande, universo amplo (100k refs, 500 pags)",Random,2,3.345669420708711,0.03656682515004926,7961823.175895917,0.2845208405184552
sequential_lg_wide,sequential,lg,"Acesso sequencial | Grande, universo amplo (100k refs, 500 pags)",Random,4,3.745610852436959,0.0390552922281502,7961873.979242976,0.2335304397004448
sequential_lg_wide,sequential,lg,"Acesso sequencial | Grande, universo amplo (100k refs, 500 pags)",Random,8,3.731911091545476,0.10758383884940577,7961729.837305456,0.7573480401339256
sequential_lg_wide,sequential,lg,"Acesso sequencial | Grande, universo amplo (100k refs, 500 pags)",Random,16,4.168395494915536,0.13036260809959457,7962012.870073278,0.8538634159397239
sequential_lg_wide,sequential,lg,"Acesso sequencial | Grande, universo amplo (100k refs, 500 pags)",Random,32,3.92207270438238,0.039926447763331235,7962099.178963387,0.26980296914429114
sequential_lg_wide,sequential,lg,"Acesso sequencial | Grande, universo amplo (100k refs, 500 pags)",Random,64,4.40072041044723,0.06636726303079181,7959446.387567933,0.4284147723799719
sequential_lg_wide,sequential,lg,"Acesso sequencial | Grande, universo amplo (100k refs, 500 pags)",Random,128,4.412839789555342,0.23413704357356263,7810878.498644128,1.5679653785624226
sequential_md_medium,sequential,md,"Acesso sequencial | Medio (10k refs, 100 pags)",Clock,2,0.20783482381126714,0.002394252642593271,320217.4387654747,0.019973138955996
sequential_md_medium,sequential,md,"Acesso sequencial | Medio (10k refs, 100 pags)",Clock,4,0.2216358203649753,0.017446772548684628,320225.5341643394,0.11904156081508763
sequential_md_medium,sequential,md,"Acesso sequencial | Medio (10k refs, 100 pags)",Clock,8,0.22349052003593978,0.0012862771246397813,320241.54640069156,0.010351743054558387
sequential_md_medium,sequential,md,"Acesso sequencial | Medio (10k refs, 100 pags)",Clock,16,0.22576804837480777,0.0025036440819959545,320425.5643320078,0.019135277804318514
sequential_md_medium,sequential,md,"Acesso sequencial | Medio (10k refs, 100 pags)",Clock,32,0.2284546968542355,0.004982943497130308,320777.5821108312,0.03612414030745331
sequential_md_medium,sequential,md,"Acesso sequencial | Medio (10k refs, 100 pags)",Clock,64,0.2270331396592844,0.0038464037624627405,321465.57606076886,0.02669060313652637
sequential_md_medium,sequential,md,"Acesso sequencial | Medio (10k refs, 100 pags)",Clock,128,0.1268105066990759,0.00596227615981922,6024.878695609077,0.04093704949627073
sequential_md_medium,sequential,md,"Acesso sequencial | Medio (10k refs, 100 pags)",FIFO,2,0.0366316628657754,0.00048067082777696025,24.25180695945877,0.003751079087966094
sequential_md_medium,sequential,md,"Acesso sequencial | Medio (10k refs, 100 pags)",FIFO,4,0.03744097274320885,0.0007883852496319585,32.257906195683596,0.005784263322678144
sequential_md_medium,sequential,md,"Acesso sequencial | Medio (10k refs, 100 pags)",FIFO,8,0.04186267637435735,0.0019526465280077876,48.28862797119388,0.013472941762728976
sequential_md_medium,sequential,md,"Acesso sequencial | Medio (10k refs, 100 pags)",FIFO,16,0.060708426275082085,0.0012989682113928184,80.41904046446074,0.00994920014973731
sequential_md_medium,sequential,md,"Acesso sequencial | Medio (10k refs, 100 pags)",FIFO,32,0.0922847643843038,0.001411318334916664,144.63625112145348,0.01084505216468487
sequential_md_medium,sequential,md,"Acesso sequencial | Medio (10k refs, 100 pags)",FIFO,64,0.16225200422068073,0.0010598502428396234,273.1157904873077,0.00809442473895409
sequential_md_medium,sequential,md,"Acesso sequencial | Medio (10k refs, 100 pags)",FIFO,128,0.18004166776145053,0.0011988376301792277,529.2392265315581,0.008988970574213289
sequential_md_medium,sequential,md,"Acesso sequencial | Medio (10k refs, 100 pags)",LFU,2,0.6624989288247018,0.010315495789764206,877268.5833374995,0.07022428348369218
sequential_md_medium,sequential,md,"Acesso sequencial | Medio (10k refs, 100 pags)",LFU,4,0.7989808297969099,0.028840939247064906,877269.5348141994,0.22224159593305756
sequential_md_medium,sequential,md,"Acesso sequencial | Medio (10k refs, 100 pags)",LFU,8,1.2692430170291287,0.006510739586153149,877272.8026281863,0.05662153416851389
sequential_md_medium,sequential,md,"Acesso sequencial | Medio (10k refs, 100 pags)",LFU,16,2.232787238151408,0.015273617884897808,877567.4616513016,0.1321108214646366
sequential_md_medium,sequential,md,"Acesso sequencial | Medio (10k refs, 100 pags)",LFU,32,3.7917419609895844,0.04161225126476011,878122.1940689357,0.3160048210078708
sequential_md_medium,sequential,md,"Acesso sequencial | Medio (10k refs, 100 pags)",LFU,64,7.858588915252234,0.05754984831637763,879206.2621482635,0.6795973773038484
sequential_md_medium,sequential,md,"Acesso sequencial | Medio (10k refs, 100 pags)",LFU,128,0.2722664010205212,0.019766695047719014,247617.88389390204,0.13790130432016143
sequential_md_medium,sequential,md,"Acesso sequencial | Medio (10k refs, 100 pags)",LRU,2,0.2681401261129653,0.005334310023525569,400209.8544544951,0.038755720750478506
sequential_md_medium,sequential,md,"Acesso sequencial | Medio (10k refs, 100 pags)",LRU,4,0.2550850909068001,0.047080045270860814,400209.76513028465,0.32768386948493117
sequential_md_medium,sequential,md,"Acesso sequencial | Medio (10k refs, 100 pags)",LRU,8,0.23040830037528465,0.002634376069317015,400209.59572600643,0.0179706282000546
sequential_md_medium,sequential,md,"Acesso sequencial | Medio (10k refs, 100 pags)",LRU,16,0.23045706615835737,0.0021719116284565775,400353.59670501825,0.016955250043510086
sequential_md_medium,sequential,md,"Acesso sequencial | Medio (10k refs, 100 pags)",LRU,32,0.22153669101909795,0.0025870243707054874,400625.5351141658,0.02209007174845449
sequential_md_medium,sequential,md,"Acesso sequencial | Medio (10k refs, 100 pags)",LRU,64,0.24481331851352403,0.03578979528360951,401153.69388909114,0.24884635276980183
sequential_md_medium,sequential,md,"Acesso sequencial | Medio (10k refs, 100 pags)",LRU,128,0.24938323736159732,0.03151913691148409,402149.72619662795,32.087557515715865
sequential_md_medium,sequential,md,"Acesso sequencial | Medio (10k refs, 100 pags)",Otimo,2,0.42423919676817984,0.009878464138482907,320274.93917946797,0.06794478637839377
sequential_md_medium,sequential,md,"Acesso sequencial | Medio (10k refs, 100 pags)",Otimo,4,0.5361118546964334,0.01758550860430769,320275.70873434766,0.12424689035030777
sequential_md_medium,sequential,md,"Acesso sequencial | Medio (10k refs, 100 pags)",Otimo,8,0.7617337893591053,0.006828946879314151,301269.2709792284,0.04959536171103914
sequential_md_medium,sequential,md,"Acesso sequencial | Medio (10k refs, 100 pags)",Otimo,16,1.0761381394445888,0.026666995650033564,272903.46072730137,0.18241235171510048
sequential_md_medium,sequential,md,"Acesso sequencial | Medio (10k refs, 100 pags)",Otimo,32,1.7756177355098302,0.19265308064668116,225660.32085545346,1.3458444701943566
sequential_md_medium,sequential,md,"Acesso sequencial | Medio (10k refs, 100 pags)",Otimo,64,1.978721863352596,0.5702042201997857,180829.70129653285,94321.79298878282
sequential_md_medium,sequential,md,"Acesso sequencial | Medio (10k refs, 100 pags)",Otimo,128,0.06215432601226495,0.009050401109567834,5344.003740723327,69.99532969134631
sequential_md_medium,sequential,md,"Acesso sequencial | Medio (10k refs, 100 pags)",Random,2,0.3624615445050462,0.003338565346930998,320314.5079249442,0.02804772042755747
sequential_md_medium,sequential,md,"Acesso sequencial | Medio (10k refs, 100 pags)",Random,4,0.36706906514659327,0.004436574225730379,320314.5425096031,0.03493103298505901
sequential_md_medium,sequential,md,"Acesso sequencial | Medio (10k refs, 100 pags)",Random,8,0.39187993378488883,0.014159762907356606,320314.7136550051,0.10485831801183376
sequential_md_medium,sequential,md,"Acesso sequencial | Medio (10k refs, 100 pags)",Random,16,0.38781059358813824,0.030551327553480143,320098.6909322907,0.21410199245416908
sequential_md_medium,sequential,md,"Acesso sequencial | Medio (10k refs, 100 pags)",Random,32,0.38113925310030927,0.05306575496193249,304106.6479159788,0.36471565900604225
sequential_md_medium,sequential,md,"Acesso sequencial | Medio (10k refs, 100 pags)",Random,64,0.2584139991476616,0.004085072122900337,201801.78979967698,0.028890542746066845
sequential_md_medium,sequential,md,"Acesso sequencial | Medio (10k refs, 100 pags)",Random,128,0.05937896721775756,0.00813682423711563,6737.171683684294,64.50016871223445
sequential_md_wide,sequential,md,"Acesso sequencial | Medio, universo amplo (10k refs, 500 pags)",Clock,2,0.2300289448084806,0.015162834561769036,677305.5936604874,0.10598958810999975
sequential_md_wide,sequential,md,"Acesso sequencial | Medio, universo amplo (10k refs, 500 pags)",Clock,4,0.2437257248691369,0.02715618506308204,677281.6877355861,0.18456996215072485
sequential_md_wide,sequential,md,"Acesso sequencial | Medio, universo amplo (10k refs, 500 pags)",Clock,8,0.25130199502618156,0.013980535517614811,677233.7410846688,0.09686748378098993
sequential_md_wide,sequential,md,"Acesso sequencial | Medio, universo amplo (10k refs, 500 pags)",Clock,16,0.24114162090058522,0.001370593217749224,677289.6706735966,0.011591393394429626
sequential_md_wide,sequential,md,"Acesso sequencial | Medio, universo amplo (10k refs, 500 pags)",Clock,32,0.24774041357349347,0.002272147270780333,677385.7174249225,0.016132457553522127
sequential_md_wide,sequential,md,"Acesso sequencial | Medio, universo amplo (10k refs, 500 pags)",Clock,64,0.2439268667306646,0.005363311686234907,677561.6886035244,0.03845320616629992
sequential_md_wide,sequential,md,"Acesso sequencial | Medio, universo amplo (10k refs, 500 pags)",Clock,128,0.24490057162058565,0.003540351212599818,677897.695259115,0.022503055567530808
sequential_md_wide,sequential,md,"Acesso sequencial | Medio, universo amplo (10k refs, 500 pags)",FIFO,2,0.03671428707447816,0.0003898811149456634,24.25259937034324,0.002670082549044059
sequential_md_wide,sequential,md,"Acesso sequencial | Medio, universo amplo (10k refs, 500 pags)",FIFO,4,0.038347896045559646,0.002653675185733697,32.26426839096858,0.018034070649594846
sequential_md_wide,sequential,md,"Acesso sequencial | Medio, universo amplo (10k refs, 500 pags)",FIFO,8,0.04117001831343209,0.0009258782113743037,48.28359808012269,0.007116409140809651
sequential_md_wide,sequential,md,"Acesso sequencial | Medio, universo amplo (10k refs, 500 pags)",FIFO,16,0.06098138075508053,0.0014245773216252607,80.42169542513297,0.0071948670144397235
sequential_md_wide,sequential,md,"Acesso sequencial | Medio, universo amplo (10k refs, 500 pags)",FIFO,32,0.09120634150887676,0.0008136000011489168,144.62934530504668,0.007484509111277215
sequential_md_wide,sequential,md,"Acesso sequencial | Medio, universo amplo (10k refs, 500 pags)",FIFO,64,0.16225169820649843,0.0011043437686561765,273.113174638581,0.006686887744881034
sequential_md_wide,sequential,md,"Acesso sequencial | Medio, universo amplo (10k refs, 500 pags)",FIFO,128,0.29370255217311825,0.0031356208246101553,530.0148996015032,0.024932166008368294
sequential_md_wide,sequential,md,"Acesso sequencial | Medio, universo amplo (10k refs, 500 pags)",LFU,2,0.7777811609848622,0.08262184725627965,1710437.3823273547,0.5707943271439497
sequential_md_wide,sequential,md,"Acesso sequencial | Medio, universo amplo (10k refs, 500 pags)",LFU,4,0.9017938106329971,0.013200599370727735,1948342.2500082708,0.1001132628173795
sequential_md_wide,sequential,md,"Acesso sequencial | Medio, universo amplo (10k refs, 500 pags)",LFU,8,1.3601405983156547,0.008702056091547455,2423961.4132225355,0.07867494639350334
sequential_md_wide,sequential,md,"Acesso sequencial | Medio, universo amplo (10k refs, 500 pags)",LFU,16,2.451771436012573,0.03369148656353694,3374720.999903629,0.2309044558140714
sequential_md_wide,sequential,md,"Acesso sequencial | Medio, universo amplo (10k refs, 500 pags)",LFU,32,4.278726875576048,0.1033517590883878,5273133.603353401,0.6616478089168856
sequential_md_wide,sequential,md,"Acesso sequencial | Medio, universo amplo (10k refs, 500 pags)",LFU,64,8.108921320767198,0.3801397903097073,9057640.039310362,2.5284685479983806
sequential_md_wide,sequential,md,"Acesso sequencial | Medio, universo amplo (10k refs, 500 pags)",LFU,128,15.763498089236109,0.12317857901997767,16577468.271428574,0.8283912463215498
sequential_md_wide,sequential,md,"Acesso sequencial | Medio, universo amplo (10k refs, 500 pags)",LRU,2,0.2553357860400992,0.033995408472541316,638289.7680288072,0.23390419290153816
sequential_md_wide,sequential,md,"Acesso sequencial | Medio, universo amplo (10k refs, 500 pags)",LRU,4,0.28430749745532485,0.011825663529954284,638289.9696978999,0.08195994980502556
sequential_md_wide,sequential,md,"Acesso sequencial | Medio, universo amplo (10k refs, 500 pags)",LRU,8,0.23899778334966731,0.0039988793537921894,638289.6560572598,0.02698097316021565
sequential_md_wide,sequential,md,"Acesso sequencial | Medio, universo amplo (10k refs, 500 pags)",LRU,16,0.2454376218572271,0.020509336098057034,638433.7029631853,0.1413174789115906
sequential_md_wide,sequential,md,"Acesso sequencial | Medio, universo amplo (10k refs, 500 pags)",LRU,32,0.25284929491033437,0.03656353085344356,638705.7505174993,0.2559401954898275
sequential_md_wide,sequential,md,"Acesso sequencial | Medio, universo amplo (10k refs, 500 pags)",LRU,64,0.27633096133940543,0.004091857976731834,639233.9173026772,0.0288676967496481
sequential_md_wide,sequential,md,"Acesso sequencial | Medio, universo amplo (10k refs, 500 pags)",LRU,128,0.25584265674586193,0.035762780276473644,640273.7728361611,0.2509131605411777
sequential_md_wide,sequential,md,"Acesso sequencial | Medio, universo amplo (10k refs, 500 pags)",Otimo,2,0.45156754352696354,0.012332262028581932,915155.1240904095,0.08551242163450702
sequential_md_wide,sequential,md,"Acesso sequencial | Medio, universo amplo (10k refs, 500 pags)",Otimo,4,0.6659105953989892,0.05695738067421416,1151892.6114811709,0.4049333379269211
sequential_md_wide,sequential,md,"Acesso sequencial | Medio, universo amplo (10k refs, 500 pags)",Otimo,8,0.9437192341003333,0.024248006127168077,1622294.5338539418,0.17038783795948534
sequential_md_wide,sequential,md,"Acesso sequencial | Medio, universo amplo (10k refs, 500 pags)",Otimo,16,1.5632545161944684,0.0725009067425791,2420570.8311610958,0.5294519067111533
sequential_md_wide,sequential,md,"Acesso sequencial | Medio, universo amplo (10k refs, 500 pags)",Otimo,32,2.4595380990805706,0.13363659007304796,4041377.0163933313,0.9147146991742173
sequential_md_wide,sequential,md,"Acesso sequencial | Medio, universo amplo (10k refs, 500 pags)",Otimo,64,4.294717999520303,0.1483888873392555,6802093.6993236225,1.0433873029954237
sequential_md_wide,sequential,md,"Acesso sequencial | Medio, universo amplo (10k refs, 500 pags)",Otimo,128,7.266626332393164,0.056725486155280766,15668098.085675517,0.5332307286774642
sequential_md_wide,sequential,md,"Acesso sequencial | Medio, universo amplo (10k refs, 500 pags)",Random,2,0.37286871363768326,0.003111062168289785,796442.5860390849,0.026483243461052883
sequential_md_wide,sequential,md,"Acesso sequencial | Medio, universo amplo (10k refs, 500 pags)",Random,4,0.37219203328863104,0.0043383967144763474,796410.5750290005,0.028496667330979747
sequential_md_wide,sequential,md,"Acesso sequencial | Medio, universo amplo (10k refs, 500 pags)",Random,8,0.40685809657474553,0.002257381507356302,796346.8203824997,0.016851476335174306
sequential_md_wide,sequential,md,"Acesso sequencial | Medio, universo amplo (10k refs, 500 pags)",Random,16,0.41879565536577756,0.0051722002191057345,796546.9014980453,0.04241341641122454
sequential_md_wide,sequential,md,"Acesso sequencial | Medio, universo amplo (10k refs, 500 pags)",Random,32,0.42451507763754187,0.0044470585626479615,796714.939257952,0.045000113265335026
sequential_md_wide,sequential,md,"Acesso sequencial | Medio, universo amplo (10k refs, 500 pags)",Random,64,0.4451130369745184,0.010235451061467764,797035.0820977681,0.07275974514254642
sequential_md_wide,sequential,md,"Acesso sequencial | Medio, universo amplo (10k refs, 500 pags)",Random,128,0.4208125900065534,0.003708692624152646,784418.9158004678,0.030727926981257803
sequential_sm_tight,sequential,sm,"Acesso sequencial | Pequeno (2k refs, 20 pags)",Clock,2,0.04205070064408359,0.0009852906222484867,64216.29167740338,0.007234149037420457
sequential_sm_tight,sequential,sm,"Acesso sequencial | Pequeno (2k refs, 20 pags)",Clock,4,0.04378983759814777,0.000635749662391099,64224.30387671618,0.0041401186412304645
sequential_sm_tight,sequential,sm,"Acesso sequencial | Pequeno (2k refs, 20 pags)",Clock,8,0.045596821675801355,0.0004681786451012964,64240.316394604175,0.003078761698145237
sequential_sm_tight,sequential,sm,"Acesso sequencial | Pequeno (2k refs, 20 pags)",Clock,16,0.04932288953110788,0.0054492581483089825,64424.34232310882,0.03831063262642276
sequential_sm_tight,sequential,sm,"Acesso sequencial | Pequeno (2k refs, 20 pags)",Clock,32,0.024643166849191496,0.0008997103920910286,1104.1710089909222,0.006323051006432491
sequential_sm_tight,sequential,sm,"Acesso sequencial | Pequeno (2k refs, 20 pags)",Clock,64,0.02516472272742449,0.0014839616897737826,1264.1743794410124,0.01042077009923614
sequential_sm_tight,sequential,sm,"Acesso sequencial | Pequeno (2k refs, 20 pags)",Clock,128,0.022462409335813865,0.002759478527081811,1604.1558821156825,31.858009248139847
sequential_sm_tight,sequential,sm,"Acesso sequencial | Pequeno (2k refs, 20 pags)",FIFO,2,0.007275129345991028,0.00013138385639212456,24.050033365403063,0.0010357433035638013
sequential_sm_tight,sequential,sm,"Acesso sequencial | Pequeno (2k refs, 20 pags)",FIFO,4,0.007577916029879461,0.00046061541433780413,32.05205679168021,0.003247245673896374
sequential_sm_tight,sequential,sm,"Acesso sequencial | Pequeno (2k refs, 20 pags)",FIFO,8,0.008353325488730317,7.553101470625997e-05,48.057513854771415,0.0005736074170614308
sequential_sm_tight,sequential,sm,"Acesso sequencial | Pequeno (2k refs, 20 pags)",FIFO,16,0.01262647066981971,0.00016748634801688438,80.0868932169119,0.0010103401511989052
sequential_sm_tight,sequential,sm,"Acesso sequencial | Pequeno (2k refs, 20 pags)",FIFO,32,0.007024375217696804,0.00014738537535142088,144.04840910876501,0.0010080643000666624
sequential_sm_tight,sequential,sm,"Acesso sequencial | Pequeno (2k refs, 20 pags)",FIFO,64,0.0071735313771289985,0.00020075458412248403,272.04957498231295,0.0013830055360516181
sequential_sm_tight,sequential,sm,"Acesso sequencial | Pequeno (2k refs, 20 pags)",FIFO,128,0.007700992723473797,5.271916845390687e-05,528.0532204001405,0.0003637942486862083
sequential_sm_tight,sequential,sm,"Acesso sequencial | Pequeno (2k refs, 20 pags)",LFU,2,0.13789955324860523,0.004803647795753765,173264.95499942926,0.031277772377988636
sequential_sm_tight,sequential,sm,"Acesso sequencial | Pequeno (2k refs, 20 pags)",LFU,4,0.15108343381649508,0.008718834159642063,173265.04586875852,0.0604868352386654
sequential_sm_tight,sequential,sm,"Acesso sequencial | Pequeno (2k refs, 20 pags)",LFU,8,0.25649029668688594,0.003206934998984574,173265.7780655965,0.023064430760222875
sequential_sm_tight,sequential,sm,"Acesso sequencial | Pequeno (2k refs, 20 pags)",LFU,16,0.43704818011732494,0.015750153364237806,173555.02366205776,0.10803256929769334
sequential_sm_tight,sequential,sm,"Acesso sequencial | Pequeno (2k refs, 20 pags)",LFU,32,0.05457574269929708,0.003156799087512005,46816.37932348655,0.022704925482377517
sequential_sm_tight,sequential,sm,"Acesso sequencial | Pequeno (2k refs, 20 pags)",LFU,64,0.051020147128455186,0.0015570470989339537,46816.35509049973,0.011777623336120273
sequential_sm_tight,sequential,sm,"Acesso sequencial | Pequeno (2k refs, 20 pags)",LFU,128,0.051703639769835,0.0020717360818368505,46816.359529880865,0.015352581545352751
sequential_sm_tight,sequential,sm,"Acesso sequencial | Pequeno (2k refs, 20 pags)",LRU,2,0.050874601350717176,0.0006425492637988705,80208.35377154592,0.005900002622406278
sequential_sm_tight,sequential,sm,"Acesso sequencial | Pequeno (2k refs, 20 pags)",LRU,4,0.05547576078599846,0.0008419729498066796,80208.38556202746,0.007076161256975411
sequential_sm_tight,sequential,sm,"Acesso sequencial | Pequeno (2k refs, 20 pags)",LRU,8,0.05518602473081635,0.0018528416236657636,80208.38267654335,0.013766151717346386
sequential_sm_tight,sequential,sm,"Acesso sequencial | Pequeno (2k refs, 20 pags)",LRU,16,0.05384262048133408,0.0009559221763121646,80352.37458590095,0.008032282392033628
sequential_sm_tight,sequential,sm,"Acesso sequencial | Pequeno (2k refs, 20 pags)",LRU,32,0.048053281571374076,0.00197675780455185,80328.33365738372,0.014931736848263788
sequential_sm_tight,sequential,sm,"Acesso sequencial | Pequeno (2k refs, 20 pags)",LRU,64,0.049074830193058055,0.00043481090832512697,80328.34123576258,0.005355622919369167
sequential_sm_tight,sequential,sm,"Acesso sequencial | Pequeno (2k refs, 20 pags)",LRU,128,0.049133609172807846,0.0007971203106594669,80328.34163980512,0.006129028912006877
sequential_sm_tight,sequential,sm,"Acesso sequencial | Pequeno (2k refs, 20 pags)",Otimo,2,0.08437270046759492,0.004003822221205684,61104.58668434544,0.027270786296646116
sequential_sm_tight,sequential,sm,"Acesso sequencial | Pequeno (2k refs, 20 pags)",Otimo,4,0.09260815549966939,0.0024281656768751166,54768.643701739726,0.021100513211108354
sequential_sm_tight,sequential,sm,"Acesso sequencial | Pequeno (2k refs, 20 pags)",Otimo,8,0.1038356572179856,0.0011409304494390262,42096.71986530477,0.007140234433075082
sequential_sm_tight,sequential,sm,"Acesso sequencial | Pequeno (2k refs, 20 pags)",Otimo,16,0.07523737883981588,0.0009554620857744114,16896.52333171985,0.010091400318988683
sequential_sm_tight,sequential,sm,"Acesso sequencial | Pequeno (2k refs, 20 pags)",Otimo,32,0.014033104097076591,0.00012474236613065686,912.0971145321764,0.0009156522665229405
sequential_sm_tight,sequential,sm,"Acesso sequencial | Pequeno (2k refs, 20 pags)",Otimo,64,0.014067288385179105,0.00018533255382348392,912.0973068677715,0.0014449601477456928
sequential_sm_tight,sequential,sm,"Acesso sequencial | Pequeno (2k refs, 20 pags)",Otimo,128,0.012034452863833511,0.0030290839787066232,976.0833014784763,101.97196844774606
sequential_sm_tight,sequential,sm,"Acesso sequencial | Pequeno (2k refs, 20 pags)",Random,2,0.07393545061260884,0.0010546852536704556,64312.513613858726,0.011868213224797527
sequential_sm_tight,sequential,sm,"Acesso sequencial | Pequeno (2k refs, 20 pags)",Random,4,0.0753713629994044,0.0009805820503119283,64184.52377166975,0.007594269285194102
sequential_sm_tight,sequential,sm,"Acesso sequencial | Pequeno (2k refs, 20 pags)",Random,8,0.06470582422044141,0.0009646866392204063,58360.44973989993,0.009311148889225745
sequential_sm_tight,sequential,sm,"Acesso sequencial | Pequeno (2k refs, 20 pags)",Random,16,0.0389078496856568,0.0004829384802206752,25504.26948758171,0.0038649499103312916
sequential_sm_tight,sequential,sm,"Acesso sequencial | Pequeno (2k refs, 20 pags)",Random,32,0.013452392232031438,0.00014873761674275273,1176.0930931908802,0.0009034472424187986
sequential_sm_tight,sequential,sm,"Acesso sequencial | Pequeno (2k refs, 20 pags)",Random,64,0.013449819190890772,0.00011002126556646858,1176.0930700476392,0.0008413802434680469
sequential_sm_tight,sequential,sm,"Acesso sequencial | Pequeno (2k refs, 20 pags)",Random,128,0.013383948868223024,0.00011301877833552828,1176.0927457416155,0.0007885784437643557
sequential_xl_wide,sequential,xl,"Acesso sequencial | Massivo, universo amplo (1M refs, 500 pags)",Clock,2,24.10545845714286,0.12503658742357784,67712349.02857141,0.5948340992749193
sequential_xl_wide,sequential,xl,"Acesso sequencial | Massivo, universo amplo (1M refs, 500 pags)",Clock,4,25.92904786105263,1.0873515673656189,67712337.83578947,7.029958027509596
sequential_xl_wide,sequential,xl,"Acesso sequencial | Massivo, universo amplo (1M refs, 500 pags)",Clock,8,26.52405191767881,0.5549050061687504,67712292.27962214,3.749699190137911
sequential_xl_wide,sequential,xl,"Acesso sequencial | Massivo, universo amplo (1M refs, 500 pags)",Clock,16,26.014205366666665,0.2650299672118214,67712345.3948718,0.5230400067218669
sequential_xl_wide,sequential,xl,"Acesso sequencial | Massivo, universo amplo (1M refs, 500 pags)",Clock,32,26.552342542105258,0.2637293174239973,67712446.31578949,0.9002480465869682
sequential_xl_wide,sequential,xl,"Acesso sequencial | Massivo, universo amplo (1M refs, 500 pags)",Clock,64,26.2670516425776,0.2970012220382615,67712619.51309043,3.966835339616313
sequential_xl_wide,sequential,xl,"Acesso sequencial | Massivo, universo amplo (1M refs, 500 pags)",Clock,128,26.04557611376518,0.20622477756704127,67712953.86126855,2.2800862782955442
sequential_xl_wide,sequential,xl,"Acesso sequencial | Massivo, universo amplo (1M refs, 500 pags)",FIFO,2,3.651316545603734,0.02699698265051968,48.97692879988281,0.19561827028884715
sequential_xl_wide,sequential,xl,"Acesso sequencial | Massivo, universo amplo (1M refs, 500 pags)",FIFO,4,3.6294752934782606,0.00695158580797809,56.86376811594202,0.07390782741536202
sequential_xl_wide,sequential,xl,"Acesso sequencial | Massivo, universo amplo (1M refs, 500 pags)",FIFO,8,4.162774174775662,0.04868463198799786,76.53657324178373,0.32288808319865164
sequential_xl_wide,sequential,xl,"Acesso sequencial | Massivo, universo amplo (1M refs, 500 pags)",FIFO,16,5.873629341250156,0.08632493518661687,120.20016583370621,0.5774239026751986
sequential_xl_wide,sequential,xl,"Acesso sequencial | Massivo, universo amplo (1M refs, 500 pags)",FIFO,32,9.234338129095148,0.14467444777051697,207.0218585558035,1.0634716475723114
sequential_xl_wide,sequential,xl,"Acesso sequencial | Massivo, universo amplo (1M refs, 500 pags)",FIFO,64,16.14098895458269,0.03378977812607419,382.15729646697383,1.4238977281855039
sequential_xl_wide,sequential,xl,"Acesso sequencial | Massivo, universo amplo (1M refs, 500 pags)",FIFO,128,29.33971408260504,0.36690313774326877,725.614117647059,4.207489523878847
sequential_xl_wide,sequential,xl,"Acesso sequencial | Massivo, universo amplo (1M refs, 500 pags)",LFU,2,74.85980729285714,0.5000963192243025,171325647.08571428,1.784502309458388
sequential_xl_wide,sequential,xl,"Acesso sequencial | Massivo, universo amplo (1M refs, 500 pags)",LFU,4,89.17159390378788,2.1951233205034617,195133558.03636366,24.68290343502444
sequential_xl_wide,sequential,xl,"Acesso sequencial | Massivo, universo amplo (1M refs, 500 pags)",LFU,8,135.19000534999998,0.8356932817278557,242749296.8,2.549820045829978
sequential_xl_wide,sequential,xl,"Acesso sequencial | Massivo, universo amplo (1M refs, 500 pags)",LFU,16,239.65568279999997,2.8772054107589216,337980247.0400001,3.059784072093854
sequential_xl_wide,sequential,xl,"Acesso sequencial | Massivo, universo amplo (1M refs, 500 pags)",LFU,32,416.74803073333334,3.491897974067655,528438926.9333334,11.899160210254633
sequential_xl_wide,sequential,xl,"Acesso sequencial | Massivo, universo amplo (1M refs, 500 pags)",LFU,64,807.7361880000001,47.98163617649317,909343284.8,11.684743368531644
sequential_xl_wide,sequential,xl,"Acesso sequencial | Massivo, universo amplo (1M refs, 500 pags)",LFU,128,1520.8358895000001,50.54339798446864,1671103961.6,23.369486737063287
sequential_xl_wide,sequential,xl,"Acesso sequencial | Massivo, universo amplo (1M refs, 500 pags)",LRU,2,26.643577339563045,0.5368044684079448,63808389.790392816,4.270798186317573
sequential_xl_wide,sequential,xl,"Acesso sequencial | Massivo, universo amplo (1M refs, 500 pags)",LRU,4,26.712005230701756,0.48441197715402967,63808390.84637997,3.555357501803181
sequential_xl_wide,sequential,xl,"Acesso sequencial | Massivo, universo amplo (1M refs, 500 pags)",LRU,8,26.77754593029872,0.4017871653528447,63808390.89388335,2.617741747895908
sequential_xl_wide,sequential,xl,"Acesso sequencial | Massivo, universo amplo (1M refs, 500 pags)",LRU,16,27.178428164580374,0.27724305418886486,63808538.02332859,3.7593936415060374
sequential_xl_wide,sequential,xl,"Acesso sequencial | Massivo, universo amplo (1M refs, 500 pags)",LRU,32,26.59972751379801,0.32972522920816144,63808806.80967283,2.6611714174151215
sequential_xl_wide,sequential,xl,"Acesso sequencial | Massivo, universo amplo (1M refs, 500 pags)",LRU,64,27.134450576600283,0.36149409554752865,63809336.95135136,4.110945457700757
sequential_xl_wide,sequential,xl,"Acesso sequencial | Massivo, universo amplo (1M refs, 500 pags)",LRU,128,26.620315632930293,0.37657211536975604,63810374.55704124,2.7483628941504854
sequential_xl_wide,sequential,xl,"Acesso sequencial | Massivo, universo amplo (1M refs, 500 pags)",Otimo,2,53.25939552777777,7.382591916684764,91520309.68888888,43.08849766105653
sequential_xl_wide,sequential,xl,"Acesso sequencial | Massivo, universo amplo (1M refs, 500 pags)",Otimo,4,65.07354235083334,2.5804835199600427,115327046.98666668,19.134318839520237
sequential_xl_wide,sequential,xl,"Acesso sequencial | Massivo, universo amplo (1M refs, 500 pags)",Otimo,8,90.32119460984849,1.2762024008452517,162937436.3878788,34.22096392032129
sequential_xl_wide,sequential,xl,"Acesso sequencial | Massivo, universo amplo (1M refs, 500 pags)",Otimo,16,148.48762302857145,3.8296991931039788,244836910.62857142,3.3384981021855364
sequential_xl_wide,sequential,xl,"Acesso sequencial | Massivo, universo amplo (1M refs, 500 pags)",Otimo,32,240.28354589999998,7.941388256661741,411700983.68,4.0797120961251325
sequential_xl_wide,sequential,xl,"Acesso sequencial | Massivo, universo amplo (1M refs, 500 pags)",Otimo,64,424.54385563333324,3.3772447321607113,694640534.4,11.275728498017129
sequential_xl_wide,sequential,xl,"Acesso sequencial | Massivo, universo amplo (1M refs, 500 pags)",Otimo,128,759.7344479000001,27.526366175753598,1579269592.0,12.74910022914989
sequential_xl_wide,sequential,xl,"Acesso sequencial | Massivo, universo amplo (1M refs, 500 pags)",Random,2,36.975543170767196,0.47727411676451764,79616530.97989418,7.35774094559009
sequential_xl_wide,sequential,xl,"Acesso sequencial | Massivo, universo amplo (1M refs, 500 pags)",Random,4,38.13096184074074,0.22986131979090674,79616504.47407408,0.9252974838831082
sequential_xl_wide,sequential,xl,"Acesso sequencial | Massivo, universo amplo (1M refs, 500 pags)",Random,8,41.91834710083333,0.4630597119289516,79616469.20533334,8.71834644502158
sequential_xl_wide,sequential,xl,"Acesso sequencial | Massivo, universo amplo (1M refs, 500 pags)",Random,16,41.85324251466667,0.7593529178279658,79616668.44266668,9.14955984543091
sequential_xl_wide,sequential,xl,"Acesso sequencial | Massivo, universo amplo (1M refs, 500 pags)",Random,32,42.339778458333335,0.31514205380225124,79616840.53333333,1.0409596708227005
sequential_xl_wide,sequential,xl,"Acesso sequencial | Massivo, universo amplo (1M refs, 500 pags)",Random,64,43.71070059039855,0.8029964621189075,79589505.72753623,9.275432345459226
sequential_xl_wide,sequential,xl,"Acesso sequencial | Massivo, universo amplo (1M refs, 500 pags)",Random,128,42.032780163333335,0.3652864181563509,78135055.648,6.082887143507566
sequential_xs_tight,sequential,xs,"Acesso sequencial | Minimo (500 refs, 20 pags)",Clock,2,0.010680234160487426,0.00021029657358154918,16216.07393968906,0.0015171989524249258
sequential_xs_tight,sequential,xs,"Acesso sequencial | Minimo (500 refs, 20 pags)",Clock,4,0.011097190076499775,0.0002708813957852415,16224.076790465228,0.0018255949708149588
sequential_xs_tight,sequential,xs,"Acesso sequencial | Minimo (500 refs, 20 pags)",Clock,8,0.011638852006397204,0.000179313253232043,16240.080691572957,0.0011359974016259277
sequential_xs_tight,sequential,xs,"Acesso sequencial | Minimo (500 refs, 20 pags)",Clock,16,0.011495914983884277,0.00015479934436656175,16424.079555790853,0.0011992049977552898
sequential_xs_tight,sequential,xs,"Acesso sequencial | Minimo (500 refs, 20 pags)",Clock,32,0.005810405604746343,0.00032323797989203105,1144.0401882404726,0.002211960836848924
sequential_xs_tight,sequential,xs,"Acesso sequencial | Minimo (500 refs, 20 pags)",Clock,64,0.005648240107717895,0.0004642357963418058,1304.0390848122595,0.00321881478029326
sequential_xs_tight,sequential,xs,"Acesso sequencial | Minimo (500 refs, 20 pags)",Clock,128,0.006135688909222429,0.00025918027403552124,1624.04240056383,0.0017895443460081992
sequential_xs_tight,sequential,xs,"Acesso sequencial | Minimo (500 refs, 20 pags)",FIFO,2,0.001821026835035329,1.3959871505006754e-05,24.012544143231665,0.00011846204817340127
sequential_xs_tight,sequential,xs,"Acesso sequencial | Minimo (500 refs, 20 pags)",FIFO,4,0.0019374115693897437,6.971648576596507e-05,32.01334620294498,0.0005057908107932445
sequential_xs_tight,sequential,xs,"Acesso sequencial | Minimo (500 refs, 20 pags)",FIFO,8,0.0019635586210317627,0.00019877416233497945,48.01354851556463,0.0013891116656422036
sequential_xs_tight,sequential,xs,"Acesso sequencial | Minimo (500 refs, 20 pags)",FIFO,16,0.0026012335707816937,3.338037149308789e-05,80.01797676739015,0.00023041632795803554
sequential_xs_tight,sequential,xs,"Acesso sequencial | Minimo (500 refs, 20 pags)",FIFO,32,0.002375838136352314,2.4107270370332566e-05,144.01641702509852,0.00016741326900814214
sequential_xs_tight,sequential,xs,"Acesso sequencial | Minimo (500 refs, 20 pags)",FIFO,64,0.002540211493979192,0.00010337509533804869,272.0175539077048,0.0007153143575486787
sequential_xs_tight,sequential,xs,"Acesso sequencial | Minimo (500 refs, 20 pags)",FIFO,128,0.002921001386545717,2.9232546411107635e-05,528.020185120374,0.00020251829696627422
sequential_xs_tight,sequential,xs,"Acesso sequencial | Minimo (500 refs, 20 pags)",LFU,2,0.033132147493426065,0.00027420266063246624,41264.229695892536,0.0015959469578895184
sequential_xs_tight,sequential,xs,"Acesso sequencial | Minimo (500 refs, 20 pags)",LFU,4,0.03711395271720659,0.0012694161572646288,41264.25719349897,0.008545095641261276
sequential_xs_tight,sequential,xs,"Acesso sequencial | Minimo (500 refs, 20 pags)",LFU,8,0.06311215247378946,0.0006180770536870011,41264.43897625235,0.005489614066748027
sequential_xs_tight,sequential,xs,"Acesso sequencial | Minimo (500 refs, 20 pags)",LFU,16,0.1119453794756317,0.0010437383771112797,41552.775371482196,0.008220499700567305
sequential_xs_tight,sequential,xs,"Acesso sequencial | Minimo (500 refs, 20 pags)",LFU,32,0.013608007001989974,0.0011252849433569824,10816.094248131569,0.007631476518217588
sequential_xs_tight,sequential,xs,"Acesso sequencial | Minimo (500 refs, 20 pags)",LFU,64,0.013150715230711641,0.00017169201727600315,10816.09108657261,0.001188076485710512
sequential_xs_tight,sequential,xs,"Acesso sequencial | Minimo (500 refs, 20 pags)",LFU,128,0.012967511211615301,0.0004591778042531026,10816.089778633896,0.003205559371173713
sequential_xs_tight,sequential,xs,"Acesso sequencial | Minimo (500 refs, 20 pags)",LRU,2,0.013283262381668543,0.00013883584197127584,20208.092044489655,0.001001679285347
sequential_xs_tight,sequential,xs,"Acesso sequencial | Minimo (500 refs, 20 pags)",LRU,4,0.013859921839435541,0.00014388718837409317,20208.096043155405,0.0010241821113096577
sequential_xs_tight,sequential,xs,"Acesso sequencial | Minimo (500 refs, 20 pags)",LRU,8,0.013420021215766279,0.0001735533354788574,20208.092818367604,0.0014927557341100654
sequential_xs_tight,sequential,xs,"Acesso sequencial | Minimo (500 refs, 20 pags)",LRU,16,0.013394246605011617,0.00011728261239866908,20352.09278019364,0.0007849766689897185
sequential_xs_tight,sequential,xs,"Acesso sequencial | Minimo (500 refs, 20 pags)",LRU,32,0.012377475820143874,0.00014702249503428927,20328.085735872293,0.0011256849136632645
sequential_xs_tight,sequential,xs,"Acesso sequencial | Minimo (500 refs, 20 pags)",LRU,64,0.012101495392917192,0.00017540387750302006,20328.083783155274,0.001202271918215327
sequential_xs_tight,sequential,xs,"Acesso sequencial | Minimo (500 refs, 20 pags)",LRU,128,0.012346380255023852,0.00022717909861431093,20328.08559749333,0.0017035812733427792
sequential_xs_tight,sequential,xs,"Acesso sequencial | Minimo (500 refs, 20 pags)",Otimo,2,0.020667501214067813,0.0010762096929869368,15504.143082507842,0.0072836598721453556
sequential_xs_tight,sequential,xs,"Acesso sequencial | Minimo (500 refs, 20 pags)",Otimo,4,0.02402319305895124,0.0017988155394116857,13968.166619129046,0.012513439826842618
sequential_xs_tight,sequential,xs,"Acesso sequencial | Minimo (500 refs, 20 pags)",Otimo,8,0.027460359462224686,0.0005260223685403909,10896.190279754901,0.003861801014321647
sequential_xs_tight,sequential,xs,"Acesso sequencial | Minimo (500 refs, 20 pags)",Otimo,16,0.018981442921018547,0.0003002883309591606,4896.131533232806,0.002277519882650422
sequential_xs_tight,sequential,xs,"Acesso sequencial | Minimo (500 refs, 20 pags)",Otimo,32,0.002682426363397072,3.5188465384118174e-05,1040.0185456597005,0.00022262470344287317
sequential_xs_tight,sequential,xs,"Acesso sequencial | Minimo (500 refs, 20 pags)",Otimo,64,0.0026792443126828613,3.778553697139275e-05,1040.018506665882,0.0002671388976836942
sequential_xs_tight,sequential,xs,"Acesso sequencial | Minimo (500 refs, 20 pags)",Otimo,128,0.0026669598772527626,2.0784735772294914e-05,1040.0184294133492,0.00014252433121471822
sequential_xs_tight,sequential,xs,"Acesso sequencial | Minimo (500 refs, 20 pags)",Random,2,0.018572229542258685,0.00031042030627661166,16312.128761090838,0.0024622781355628847
sequential_xs_tight,sequential,xs,"Acesso sequencial | Minimo (500 refs, 20 pags)",Random,4,0.018903690611090984,0.0001970112597532352,16280.13099446733,0.0017422626265689708
sequential_xs_tight,sequential,xs,"Acesso sequencial | Minimo (500 refs, 20 pags)",Random,8,0.01626103687585457,0.00028237198905080643,14904.112684507665,0.0017360395684413643
sequential_xs_tight,sequential,xs,"Acesso sequencial | Minimo (500 refs, 20 pags)",Random,16,0.009507790510975047,0.00016368396673234638,7168.065887411778,0.0012040054942298976
sequential_xs_tight,sequential,xs,"Acesso sequencial | Minimo (500 refs, 20 pags)",Random,32,0.002656275862160374,1.845857515854525e-05,1280.01835759179,0.00012725822484838068
sequential_xs_tight,sequential,xs,"Acesso sequencial | Minimo (500 refs, 20 pags)",Random,64,0.0027182286375045566,2.6129904892948106e-05,1280.0187797980857,0.00018521460650097472
sequential_xs_tight,sequential,xs,"Acesso sequencial | Minimo (500 refs, 20 pags)",Random,128,0.002721392958451843,3.243063414057073e-05,1280.0188067806225,0.00022271748820473344
